id,user_id,scenario_type,move_type,start_datetime,end_datetime,start_position,end_position,distance
0, "2", "Develop", "virtual_reality", "2024-1-19 17:21:3", "2024-1-19 17:21:4", "-14021.820312,9915.598633", "-13651.695312,9745.066406", "4.075214"
1, "2", "Develop", "virtual_reality", "2024-1-19 17:21:4", "2024-1-19 17:21:5", "-13651.602539,9746.381836", "-13315.693359,9962.568359", "3.994645"
2, "2", "Develop", "virtual_reality", "2024-1-19 17:22:9", "2024-1-19 17:22:10", "-14025.133789,9926.472656", "-14070.193359,9412.94043", "5.155056"
3, "2", "Develop", "virtual_reality", "2024-1-19 17:22:12", "2024-1-19 17:22:12", "-14067.202148,9419.308594", "-14042.923828,9367.456055", "0.572551"
4, "0", "S1_BasicMechanics", "virtual_reality", "2024-3-21 11:23:7", "2024-3-21 11:23:7", "12397.056641,-3040.0", "12705.591797,-3225.145996", "3.598531"
5, "0", "S1_BasicMechanics", "virtual_reality", "2024-3-21 11:23:28", "2024-3-21 11:23:30", "12705.591797,-3225.145996", "12932.209961,-3552.204834", "3.978987"
6, "0", "S1_BasicMechanics", "virtual_reality", "2024-3-21 11:23:32", "2024-3-21 11:23:32", "12932.209961,-3552.204834", "13009.240234,-3558.250732", "0.779684"
7, "0", "S1_BasicMechanics", "virtual_reality", "2024-3-21 11:23:43", "2024-3-21 11:23:43", "13009.240234,-3558.250732", "13095.433594,-3840.670898", "2.953179"
8, "0", "S1_BasicMechanics", "virtual_reality", "2024-3-21 11:23:43", "2024-3-21 11:23:44", "13095.433594,-3840.670898", "13181.24707,-4074.1875", "2.488507"
9, "0", "S1_BasicMechanics", "virtual_reality", "2024-3-21 11:23:44", "2024-3-21 11:23:45", "13181.24707,-4074.1875", "13181.24707,-4074.1875", "0.0"
10, "0", "S1_BasicMechanics", "virtual_reality", "2024-3-21 11:23:57", "2024-3-21 11:23:57", "13181.24707,-4074.1875", "12969.993164,-3852.551758", "3.061868"
11, "0", "S1_BasicMechanics", "virtual_reality", "2024-3-21 11:23:58", "2024-3-21 11:23:58", "12969.993164,-3852.551758", "12813.228516,-3540.467285", "3.492449"
12, "0", "S1_BasicMechanics", "virtual_reality", "2024-3-21 11:23:58", "2024-3-21 11:23:58", "12813.228516,-3540.467285", "12691.69043,-3278.814697", "2.885021"
13, "0", "S1_BasicMechanics", "virtual_reality", "2024-3-21 11:23:59", "2024-3-21 11:23:59", "12691.69043,-3278.814697", "12602.978516,-3071.076416", "2.258875"
14, "0", "S1_BasicMechanics", "virtual_reality", "2024-3-21 11:24:0", "2024-3-21 11:24:0", "12602.978516,-3071.076416", "12476.958008,-3096.577881", "1.285742"
15, "0", "S1_BasicMechanics", "virtual_reality", "2024-3-21 11:24:40", "2024-3-21 11:24:40", "12476.958008,-3096.577881", "12348.839844,-3087.301758", "1.28454"
16, "0", "S1_BasicMechanics", "virtual_reality", "2024-3-21 11:24:52", "2024-3-21 11:24:52", "12348.839844,-3087.301758", "12359.615234,-3011.861328", "0.762062"
17, "0", "S1_BasicMechanics", "virtual_reality", "2024-3-21 11:24:55", "2024-3-21 11:24:55", "12359.615234,-3011.861328", "12390.192383,-2949.335449", "0.696021"
18, "0", "S1_BasicMechanics", "virtual_reality", "2024-3-21 12:7:37", "2024-3-21 12:7:38", "12397.056641,-3040.0", "12338.228516,-3135.088623", "1.119093"
19, "0", "S1_BasicMechanics", "virtual_reality", "2024-3-21 12:11:43", "2024-3-21 12:11:43", "12397.056641,-3040.0", "12451.34375,-3105.24585", "0.85002"
20, "0", "S1_BasicMechanics", "virtual_reality", "2024-3-21 12:11:44", "2024-3-21 12:11:44", "12451.34375,-3105.24585", "12451.34375,-3105.24585", "0.0"
21, "0", "S1_BasicMechanics", "virtual_reality", "2024-3-21 12:11:46", "2024-3-21 12:11:46", "12451.34375,-3105.24585", "12451.34375,-3105.24585", "0.0"
22, "0", "S1_BasicMechanics", "virtual_reality", "2024-3-21 12:11:46", "2024-3-21 12:11:47", "12451.34375,-3105.24585", "12621.709961,-3288.867188", "2.504819"
23, "0", "S1_BasicMechanics", "virtual_reality", "2024-3-21 12:11:48", "2024-3-21 12:11:48", "12621.709961,-3288.867188", "12715.780273,-3288.674561", "0.940704"
24, "0", "S1_BasicMechanics", "virtual_reality", "2024-3-21 12:11:49", "2024-3-21 12:11:49", "12715.780273,-3288.674561", "12810.381836,-3289.186768", "0.946034"
25, "0", "S1_BasicMechanics", "virtual_reality", "2024-3-21 12:11:51", "2024-3-21 12:11:51", "12810.381836,-3289.186768", "12858.816406,-3222.320801", "0.825648"
26, "0", "S1_BasicMechanics", "virtual_reality", "2024-3-21 12:26:32", "2024-3-21 12:26:32", "12397.056641,-3040.0", "12404.038086,-3226.919678", "1.871066"
27, "0", "S1_BasicMechanics", "virtual_reality", "2024-3-21 12:26:35", "2024-3-21 12:26:35", "12404.038086,-3226.919678", "12697.011719,-3149.069824", "3.031398"
28, "0", "S1_BasicMechanics", "virtual_reality", "2024-3-21 12:33:3", "2024-3-21 12:33:3", "12397.056641,-3040.0", "12357.058594,-3106.698975", "0.779082"
29, "0", "S1_BasicMechanics", "virtual_reality", "2024-3-21 12:35:46", "2024-3-21 12:35:47", "12397.056641,-3040.0", "12345.882812,-3096.842041", "0.766213"
30, "0", "S1_BasicMechanics", "virtual_reality", "2024-3-21 12:41:9", "2024-3-21 12:41:10", "12397.056641,-3040.0", "12401.722656,-3133.826416", "0.940547"
31, "0", "S1_BasicMechanics", "virtual_reality", "2024-3-21 12:45:44", "2024-3-21 12:45:44", "12397.056641,-3040.0", "12389.951172,-3108.050293", "0.685744"
32, "0", "S1_BasicMechanics", "virtual_reality", "2024-4-1 18:49:16", "2024-4-1 18:49:17", "12397.056641,-3040.0", "12425.075195,-3118.893799", "0.838479"
33, "0", "S1_BasicMechanics", "virtual_reality", "2024-4-1 19:8:53", "2024-4-1 19:8:55", "12397.056641,-3040.0", "12450.269531,-3072.759277", "0.626572"
34, "0", "S1_BasicMechanics", "virtual_reality", "2024-4-1 19:9:38", "2024-4-1 19:9:39", "12450.269531,-3072.759277", "12714.139648,-3244.367676", "3.14765"
35, "0", "S1_BasicMechanics", "virtual_reality", "2024-4-1 19:9:40", "2024-4-1 19:9:40", "12714.139648,-3244.367676", "12808.557617,-3242.911377", "0.944292"
36, "0", "S1_BasicMechanics", "virtual_reality", "2024-4-1 19:10:0", "2024-4-1 19:10:1", "12808.557617,-3242.911377", "12732.029297,-3529.490723", "2.966212"
37, "0", "S1_BasicMechanics", "virtual_reality", "2024-4-1 19:10:2", "2024-4-1 19:10:2", "12732.029297,-3529.490723", "12817.668945,-3703.75", "1.941659"
38, "0", "S1_BasicMechanics", "virtual_reality", "2024-4-1 19:10:4", "2024-4-1 19:10:5", "12817.668945,-3703.75", "13107.110352,-3974.538086", "3.963622"
39, "0", "S1_BasicMechanics", "virtual_reality", "2024-4-1 19:10:6", "2024-4-1 19:10:6", "13107.110352,-3974.538086", "13254.344727,-4136.063477", "2.185609"
40, "0", "S1_BasicMechanics", "virtual_reality", "2024-4-1 19:10:15", "2024-4-1 19:10:15", "13254.344727,-4136.063477", "13055.958008,-3812.136719", "3.7985"
41, "0", "S1_BasicMechanics", "virtual_reality", "2024-4-1 19:10:15", "2024-4-1 19:10:16", "13055.958008,-3812.136719", "12866.361328,-3534.102539", "3.365264"
42, "0", "S1_BasicMechanics", "virtual_reality", "2024-4-1 19:10:16", "2024-4-1 19:10:17", "12866.361328,-3534.102539", "12703.089844,-3200.000488", "3.718625"
43, "0", "S1_BasicMechanics", "virtual_reality", "2024-4-1 19:10:17", "2024-4-1 19:10:18", "12703.089844,-3200.000488", "12555.382812,-3204.944824", "1.477899"
44, "0", "S1_BasicMechanics", "virtual_reality", "2024-4-6 12:0:3", "2024-4-6 12:0:4", "12397.056641,-3040.0", "12460.46875,-3096.481934", "0.850443"
45, "0", "S1_BasicMechanics", "virtual_reality", "2024-4-6 12:0:12", "2024-4-6 12:0:12", "12460.46875,-3096.481934", "12464.703125,-3178.467285", "0.820946"
46, "0", "S1_BasicMechanics", "virtual_reality", "2024-4-6 12:18:23", "2024-4-6 12:18:24", "12397.056641,-3040.0", "12445.993164,-3084.14917", "0.66069"
47, "0", "S1_BasicMechanics", "virtual_reality", "2024-4-6 12:18:31", "2024-4-6 12:18:31", "12445.993164,-3084.14917", "12686.488281,-3255.828613", "2.954857"
48, "0", "S1_BasicMechanics", "virtual_reality", "2024-4-6 12:18:31", "2024-4-6 12:18:36", "12686.488281,-3255.828613", "12890.261719,-3489.925293", "3.103624"
49, "0", "S1_BasicMechanics", "virtual_reality", "2024-4-6 12:23:33", "2024-4-6 12:23:33", "12397.056641,-3040.0", "12453.458008,-3095.626953", "0.793512"
50, "0", "S1_BasicMechanics", "virtual_reality", "2024-4-6 12:24:19", "2024-4-6 12:24:19", "12453.458008,-3095.626953", "12475.625,-3021.6521", "0.772247"
51, "0", "S1_BasicMechanics", "virtual_reality", "2024-4-6 12:24:35", "2024-4-6 12:24:35", "12475.625,-3021.6521", "12397.03125,-2954.641846", "1.032826"
52, "0", "S1_BasicMechanics", "virtual_reality", "2024-4-6 12:24:42", "2024-4-6 12:24:43", "12397.03125,-2954.641846", "12399.726562,-3134.301758", "1.796801"
53, "2", "S1_BasicMechanics", "virtual_reality", "2024-4-6 17:31:17", "2024-4-6 17:31:17", "12389.303711,-3036.912842", "12400.0,-3031.960449", "0.117875"
54, "2", "S1_BasicMechanics", "virtual_reality", "2024-4-6 17:31:29", "2024-4-6 17:31:29", "12357.234375,-3026.296143", "12400.0,-3045.676514", "0.469521"
55, "2", "S1_BasicMechanics", "virtual_reality", "2024-4-6 17:31:47", "2024-4-6 17:31:48", "12393.883789,-3045.077881", "12627.192383,-3240.0", "3.040183"
56, "2", "S1_BasicMechanics", "virtual_reality", "2024-4-6 17:31:48", "2024-4-6 17:31:48", "12627.358398,-3241.546631", "12856.257812,-3460.620117", "3.168408"
57, "2", "S1_BasicMechanics", "virtual_reality", "2024-4-6 17:31:48", "2024-4-6 17:31:49", "12855.279297,-3464.753418", "12946.146484,-3548.880127", "1.238307"
58, "2", "S1_BasicMechanics", "virtual_reality", "2024-4-6 17:31:49", "2024-4-6 17:31:49", "12949.464844,-3546.429199", "12991.813477,-3613.133057", "0.790112"
59, "2", "S1_BasicMechanics", "virtual_reality", "2024-4-6 17:32:16", "2024-4-6 17:32:16", "12377.345703,-3036.963867", "12400.0,-3060.335693", "0.325491"
60, "2", "S1_BasicMechanics", "virtual_reality", "2024-4-6 17:33:25", "2024-4-6 17:33:25", "12342.066406,-3029.488525", "12400.0,-3059.289551", "0.651488"
61, "2", "S1_BasicMechanics", "virtual_reality", "2024-4-6 17:39:33", "2024-4-6 17:39:33", "12380.822266,-3035.043213", "12384.326172,-3040.676514", "0.066338"
62, "2", "S1_BasicMechanics", "virtual_reality", "2024-4-6 17:39:33", "2024-4-6 17:39:33", "12395.628906,-3062.528076", "12611.087891,-3217.148682", "2.651982"
63, "2", "S1_BasicMechanics", "virtual_reality", "2024-4-6 17:39:34", "2024-4-6 17:39:34", "12598.625,-3212.520996", "12668.047852,-3247.910156", "0.779229"
64, "2", "MainMenu", "virtual_reality", "2024-4-6 18:45:55", "2024-4-6 18:45:55", "-98.678925,-66.766655", "-98.691788,-66.394737", "0.003721"
65, "8", "S1_BasicMechanics", "virtual_reality", "2024-4-6 18:46:29", "2024-4-6 18:46:29", "12363.90918,-3108.856934", "12400.0,-3006.323975", "1.086994"
66, "8", "S1_BasicMechanics", "virtual_reality", "2024-4-6 18:46:31", "2024-4-6 18:46:31", "12398.742188,-3010.502686", "12441.400391,-2920.0", "1.000521"
67, "8", "S1_BasicMechanics", "virtual_reality", "2024-4-6 18:46:32", "2024-4-6 18:46:32", "12438.307617,-2925.080078", "12560.464844,-2919.044678", "1.223058"
68, "9", "S1_BasicMechanics", "virtual_reality", "2024-4-6 18:52:7", "2024-4-6 18:52:7", "12393.583008,-3043.843506", "12400.0,-3075.282715", "0.320874"
69, "9", "S1_BasicMechanics", "virtual_reality", "2024-4-6 18:52:24", "2024-4-6 18:52:24", "12394.34375,-3055.950928", "12400.0,-3023.004883", "0.334281"
70, "9", "S1_BasicMechanics", "virtual_reality", "2024-4-6 18:52:46", "2024-4-6 18:52:47", "12395.895508,-3042.083252", "12395.995117,-3039.486572", "0.025985"
71, "9", "S1_BasicMechanics", "virtual_reality", "2024-4-6 18:52:47", "2024-4-6 18:52:47", "12395.516602,-3036.633545", "12395.391602,-3036.425537", "0.002424"
72, "9", "S1_BasicMechanics", "virtual_reality", "2024-4-6 18:52:48", "2024-4-6 18:52:48", "12395.501953,-3036.975098", "12506.911133,-3180.0", "1.812952"
73, "9", "S1_BasicMechanics", "virtual_reality", "2024-4-6 18:52:48", "2024-4-6 18:52:49", "12508.15918,-3178.656982", "12637.611328,-3225.973145", "1.378285"
74, "9", "S1_BasicMechanics", "virtual_reality", "2024-4-6 18:52:49", "2024-4-6 18:52:49", "12638.316406,-3226.299072", "12713.87207,-3248.95166", "0.788784"
75, "11", "S1_BasicMechanics", "virtual_reality", "2024-4-10 10:6:36", "2024-4-10 10:6:36", "12429.148438,-3068.117188", "12769.522461,-3254.748535", "3.881822"
76, "11", "S1_BasicMechanics", "virtual_reality", "2024-4-10 10:6:41", "2024-4-10 10:6:41", "12771.988281,-3237.897217", "12548.582031,-3021.27417", "3.111853"
77, "11", "S1_BasicMechanics", "virtual_reality", "2024-4-10 10:6:42", "2024-4-10 10:6:42", "12548.68457,-3020.558838", "12389.576172,-2810.0", "2.639137"
78, "11", "S1_BasicMechanics", "virtual_reality", "2024-4-10 10:6:51", "2024-4-10 10:6:51", "12406.056641,-2830.128906", "12670.0,-3038.10791", "3.360379"
79, "11", "S1_BasicMechanics", "virtual_reality", "2024-4-10 10:6:54", "2024-4-10 10:6:54", "12671.722656,-3037.133545", "12738.802734,-3365.356934", "3.350078"
80, "11", "S1_BasicMechanics", "virtual_reality", "2024-4-10 10:6:56", "2024-4-10 10:6:56", "12738.775391,-3364.606445", "12847.628906,-3661.01709", "3.157662"
81, "11", "S1_BasicMechanics", "virtual_reality", "2024-4-10 10:6:57", "2024-4-10 10:6:57", "12848.876953,-3660.217041", "12987.84668,-4002.405518", "3.693308"
82, "11", "S1_BasicMechanics", "virtual_reality", "2024-4-10 10:7:2", "2024-4-10 10:7:2", "13003.780273,-4005.576172", "12830.807617,-3686.661621", "3.62803"
83, "11", "S1_BasicMechanics", "virtual_reality", "2024-4-10 10:7:2", "2024-4-10 10:7:2", "12831.959961,-3686.954834", "12707.53125,-3355.991211", "3.535806"
84, "11", "S1_BasicMechanics", "virtual_reality", "2024-4-10 10:7:3", "2024-4-10 10:7:3", "12706.47168,-3356.599854", "12584.3125,-3051.676758", "3.284828"
85, "11", "S1_BasicMechanics", "virtual_reality", "2024-4-10 10:7:11", "2024-4-10 10:7:11", "12581.480469,-3039.352295", "12770.0,-2965.399902", "2.025055"
86, "11", "S1_BasicMechanics", "virtual_reality", "2024-4-10 10:7:33", "2024-4-10 10:7:34", "12767.676758,-2975.118164", "12750.0,-3005.37207", "0.350396"
87, "11", "S1_BasicMechanics", "virtual_reality", "2024-4-10 10:7:35", "2024-4-10 10:7:35", "12748.6875,-3005.042725", "12570.163086,-3091.851318", "1.985111"
88, "11", "S1_BasicMechanics", "virtual_reality", "2024-4-10 10:7:42", "2024-4-10 10:7:42", "12586.414062,-3104.972168", "12687.238281,-3211.486328", "1.466657"
89, "11", "S1_BasicMechanics", "virtual_reality", "2024-4-10 10:7:50", "2024-4-10 10:7:50", "12658.302734,-3180.920654", "12568.099609,-3219.422607", "0.980765"
90, "11", "S1_BasicMechanics", "virtual_reality", "2024-4-10 10:7:51", "2024-4-10 10:7:51", "12575.876953,-3214.771484", "12432.382812,-3160.355713", "1.534651"
91, "11", "S1_BasicMechanics", "virtual_reality", "2024-4-10 10:7:52", "2024-4-10 10:7:52", "12428.69043,-3160.144043", "12286.061523,-3114.681885", "1.496991"
92, "11", "S1_BasicMechanics", "virtual_reality", "2024-4-10 10:7:55", "2024-4-10 10:7:55", "12280.141602,-3116.773193", "12423.246094,-3044.404053", "1.603624"
93, "11", "S1_BasicMechanics", "virtual_reality", "2024-4-10 10:9:8", "2024-4-10 10:9:8", "12388.161133,-3075.029785", "12430.0,-3088.778076", "0.440399"
94, "11", "S1_BasicMechanics", "virtual_reality", "2024-4-10 10:9:11", "2024-4-10 10:9:11", "12425.614258,-3063.288086", "12492.411133,-3145.673828", "1.06063"
95, "11", "S1_BasicMechanics", "virtual_reality", "2024-4-10 10:9:28", "2024-4-10 10:9:28", "12377.625977,-3126.118652", "12541.181641,-3132.271484", "1.636718"
96, "11", "S1_BasicMechanics", "virtual_reality", "2024-4-10 10:9:30", "2024-4-10 10:9:30", "12550.03418,-3138.029785", "12718.126953,-3278.919189", "2.193283"
97, "11", "S1_BasicMechanics", "virtual_reality", "2024-4-10 10:9:31", "2024-4-10 10:9:31", "12718.176758,-3276.682861", "12901.740234,-3558.37207", "3.362209"
98, "11", "S1_BasicMechanics", "virtual_reality", "2024-4-10 10:9:56", "2024-4-10 10:9:57", "12902.354492,-3613.959473", "12937.047852,-3763.64624", "1.536548"
99, "11", "S1_BasicMechanics", "virtual_reality", "2024-4-10 10:10:10", "2024-4-10 10:10:10", "12949.629883,-3726.992188", "12977.446289,-3665.621582", "0.673805"
100, "11", "S1_BasicMechanics", "virtual_reality", "2024-4-10 10:10:10", "2024-4-10 10:10:10", "12973.478516,-3667.270996", "13011.430664,-3604.284668", "0.735371"
101, "11", "S1_BasicMechanics", "virtual_reality", "2024-4-10 10:10:15", "2024-4-10 10:10:15", "13012.421875,-3606.830078", "13010.489258,-3818.961914", "2.121406"
102, "11", "S1_BasicMechanics", "virtual_reality", "2024-4-10 10:10:16", "2024-4-10 10:10:16", "13014.540039,-3819.385742", "13064.3125,-4127.725586", "3.123311"
103, "11", "S1_BasicMechanics", "virtual_reality", "2024-4-10 10:10:25", "2024-4-10 10:10:25", "13046.391602,-4131.361816", "13097.457031,-4348.787109", "2.233415"
104, "11", "S1_BasicMechanics", "virtual_reality", "2024-4-10 10:10:27", "2024-4-10 10:10:28", "13103.90332,-4346.291504", "13208.557617,-4450.0", "1.473362"
105, "11", "S1_BasicMechanics", "virtual_reality", "2024-4-10 10:10:29", "2024-4-10 10:10:29", "13208.738281,-4444.356445", "13063.800781,-4377.0", "1.598236"
106, "11", "S1_BasicMechanics", "virtual_reality", "2024-4-10 10:10:30", "2024-4-10 10:10:30", "13062.412109,-4376.916016", "12912.635742,-4302.105469", "1.6742"
107, "11", "S1_BasicMechanics", "virtual_reality", "2024-4-10 10:10:36", "2024-4-10 10:10:36", "12909.015625,-4304.770996", "13084.091797,-4152.93457", "2.317452"
108, "11", "S1_BasicMechanics", "virtual_reality", "2024-4-10 10:11:11", "2024-4-10 10:11:11", "13085.78125,-4179.508789", "12772.375977,-4269.040039", "3.259422"
109, "11", "S1_BasicMechanics", "virtual_reality", "2024-4-10 10:11:12", "2024-4-10 10:11:12", "12772.545898,-4268.220703", "12460.009766,-4360.0", "3.257333"
110, "11", "S1_BasicMechanics", "virtual_reality", "2024-4-10 10:11:19", "2024-4-10 10:11:19", "12468.517578,-4334.033203", "12851.396484,-4009.056396", "5.022019"
111, "11", "S1_BasicMechanics", "virtual_reality", "2024-4-10 10:11:23", "2024-4-10 10:11:23", "12842.108398,-4014.696777", "12839.412109,-4276.63623", "2.619532"
112, "11", "S1_BasicMechanics", "virtual_reality", "2024-4-10 10:11:34", "2024-4-10 10:11:34", "12830.991211,-4278.39502", "13050.448242,-4276.707031", "2.194638"
113, "11", "S1_BasicMechanics", "virtual_reality", "2024-4-10 10:11:34", "2024-4-10 10:11:34", "13055.620117,-4273.097168", "13238.770508,-4336.410645", "1.937851"
114, "11", "S1_BasicMechanics", "virtual_reality", "2024-4-10 10:11:40", "2024-4-10 10:11:40", "13216.43457,-4330.969238", "12907.664062,-4407.695312", "3.181602"
115, "11", "S1_BasicMechanics", "virtual_reality", "2024-4-10 10:11:46", "2024-4-10 10:11:46", "12891.430664,-4362.114746", "12766.804688,-4233.253906", "1.79267"
116, "11", "S1_BasicMechanics", "virtual_reality", "2024-4-10 10:11:46", "2024-4-10 10:11:47", "12762.166992,-4236.211426", "12608.417969,-4057.098633", "2.36051"
117, "11", "S1_BasicMechanics", "virtual_reality", "2024-4-10 10:11:47", "2024-4-10 10:11:47", "12608.676758,-4056.950684", "12467.180664,-3943.103027", "1.816105"
118, "11", "S1_BasicMechanics", "virtual_reality", "2024-4-10 10:11:51", "2024-4-10 10:11:51", "12447.349609,-3930.83252", "12364.803711,-3748.697021", "1.99968"
119, "11", "S1_BasicMechanics", "virtual_reality", "2024-4-10 10:11:55", "2024-4-10 10:11:55", "12385.663086,-3779.294434", "12516.712891,-3998.4104", "2.55315"
120, "11", "S1_BasicMechanics", "virtual_reality", "2024-4-10 10:11:56", "2024-4-10 10:11:56", "12521.31543,-3996.984375", "12639.244141,-4229.764648", "2.609477"
121, "11", "S1_BasicMechanics", "virtual_reality", "2024-4-10 10:11:57", "2024-4-10 10:11:57", "12649.822266,-4240.482422", "12775.854492,-4334.196777", "1.570551"
122, "11", "S1_BasicMechanics", "virtual_reality", "2024-4-10 10:12:6", "2024-4-10 10:12:6", "12774.856445,-4363.010254", "13046.017578,-4212.91748", "3.099297"
123, "11", "S1_BasicMechanics", "virtual_reality", "2024-4-10 10:12:7", "2024-4-10 10:12:7", "13046.964844,-4212.432129", "13210.0,-4110.051758", "1.925158"
124, "11", "S1_BasicMechanics", "virtual_reality", "2024-4-10 10:12:13", "2024-4-10 10:12:13", "13198.682617,-4110.499023", "13210.0,-3729.732422", "3.809346"
125, "11", "S1_BasicMechanics", "virtual_reality", "2024-4-10 10:12:13", "2024-4-10 10:12:13", "13213.9375,-3729.620117", "13250.358398,-3331.075195", "4.002056"
126, "11", "S1_BasicMechanics", "virtual_reality", "2024-4-10 10:12:15", "2024-4-10 10:12:16", "13249.321289,-3353.762207", "13200.0,-3480.0", "1.355307"
127, "11", "S1_BasicMechanics", "virtual_reality", "2024-4-10 10:12:16", "2024-4-10 10:12:16", "13189.479492,-3488.995361", "13201.810547,-3780.358398", "2.916238"
128, "11", "S1_BasicMechanics", "virtual_reality", "2024-4-10 10:12:21", "2024-4-10 10:12:21", "13182.008789,-3774.711182", "12922.880859,-3882.80835", "2.807712"
129, "11", "S1_BasicMechanics", "virtual_reality", "2024-4-10 10:12:21", "2024-4-10 10:12:21", "12921.899414,-3887.262451", "12665.704102,-3939.625977", "2.614922"
130, "11", "S1_BasicMechanics", "virtual_reality", "2024-4-10 10:12:22", "2024-4-10 10:12:22", "12664.074219,-3943.573486", "12416.983398,-3989.744873", "2.513673"
131, "11", "S1_BasicMechanics", "virtual_reality", "2024-4-10 10:12:22", "2024-4-10 10:12:22", "12419.602539,-3987.282715", "12230.0,-4037.813232", "1.962204"
132, "11", "S1_BasicMechanics", "virtual_reality", "2024-4-10 10:12:28", "2024-4-10 10:12:28", "12274.131836,-4054.969971", "12542.296875,-3900.348389", "3.095481"
133, "11", "S1_BasicMechanics", "virtual_reality", "2024-4-10 10:12:29", "2024-4-10 10:12:30", "12539.913086,-3899.321045", "12923.310547,-3838.394775", "3.88208"
134, "11", "S1_BasicMechanics", "virtual_reality", "2024-4-10 10:12:33", "2024-4-10 10:12:33", "12928.055664,-3838.543945", "13210.0,-4003.082275", "3.26444"
135, "11", "S1_BasicMechanics", "virtual_reality", "2024-4-10 10:12:38", "2024-4-10 10:12:38", "13191.109375,-4009.773193", "12856.068359,-4019.456299", "3.351812"
136, "11", "S1_BasicMechanics", "virtual_reality", "2024-4-10 10:12:39", "2024-4-10 10:12:39", "12858.118164,-4024.542969", "12576.367188,-4035.989014", "2.819835"
137, "11", "S1_BasicMechanics", "virtual_reality", "2024-4-10 10:12:40", "2024-4-10 10:12:40", "12575.916016,-4036.816895", "12272.431641,-4049.351318", "3.037432"
138, "11", "S1_BasicMechanics", "virtual_reality", "2024-4-10 10:12:43", "2024-4-10 10:12:43", "12218.261719,-4070.94751", "12230.0,-4102.953613", "0.340907"
139, "11", "S1_BasicMechanics", "virtual_reality", "2024-4-10 10:12:44", "2024-4-10 10:12:44", "12243.897461,-4086.798584", "12230.0,-4091.665283", "0.147251"
140, "11", "S1_BasicMechanics", "virtual_reality", "2024-4-10 10:12:52", "2024-4-10 10:12:52", "12274.892578,-4095.088867", "12582.961914,-3970.041504", "3.324808"
141, "11", "S1_BasicMechanics", "virtual_reality", "2024-4-10 10:12:52", "2024-4-10 10:12:52", "12579.94043,-3966.416748", "12896.533203,-3898.873291", "3.237179"
142, "11", "S1_BasicMechanics", "virtual_reality", "2024-4-10 10:12:53", "2024-4-10 10:12:53", "12895.355469,-3895.63208", "13152.72168,-3880.271484", "2.578246"
143, "11", "S1_BasicMechanics", "virtual_reality", "2024-4-10 10:13:3", "2024-4-10 10:13:3", "13151.267578,-3887.168213", "12914.0625,-3928.950439", "2.408566"
144, "11", "S1_BasicMechanics", "virtual_reality", "2024-4-10 10:13:4", "2024-4-10 10:13:7", "12915.459961,-3929.283203", "13188.708008,-4135.408203", "3.422748"
145, "11", "S1_BasicMechanics", "virtual_reality", "2024-4-10 10:13:10", "2024-4-10 10:13:11", "13167.15625,-4116.614258", "13193.740234,-3733.571289", "3.839644"
146, "11", "S1_BasicMechanics", "virtual_reality", "2024-4-10 10:13:13", "2024-4-10 10:13:13", "13196.974609,-3761.24585", "13210.0,-3972.269287", "2.114253"
147, "11", "S1_BasicMechanics", "virtual_reality", "2024-4-10 10:13:22", "2024-4-10 10:13:22", "13215.697266,-4017.812988", "13216.744141,-4018.775635", "0.014221"
148, "12", "S1_BasicMechanics", "virtual_reality", "2024-4-10 10:25:15", "2024-4-10 10:25:18", "12375.813477,-3038.014404", "12741.399414,-2901.449951", "3.902597"
149, "12", "S1_BasicMechanics", "virtual_reality", "2024-4-10 10:25:24", "2024-4-10 10:25:25", "12727.521484,-2902.702881", "12544.848633,-3275.309326", "4.149758"
150, "12", "S1_BasicMechanics", "virtual_reality", "2024-4-10 10:25:28", "2024-4-10 10:25:29", "12553.137695,-3268.111328", "12702.655273,-3123.419189", "2.080658"
151, "12", "S1_BasicMechanics", "virtual_reality", "2024-4-10 10:25:32", "2024-4-10 10:25:33", "12696.491211,-3134.447998", "12469.210938,-3233.111572", "2.477717"
152, "12", "S1_BasicMechanics", "virtual_reality", "2024-4-10 10:25:38", "2024-4-10 10:25:46", "12492.583984,-3222.983154", "12634.90332,-3037.593262", "2.337183"
153, "12", "S1_BasicMechanics", "virtual_reality", "2024-4-10 10:25:50", "2024-4-10 10:25:51", "12627.879883,-3050.294678", "12745.458008,-3482.449951", "4.478646"
154, "12", "S1_BasicMechanics", "virtual_reality", "2024-4-10 10:25:52", "2024-4-10 10:25:53", "12747.224609,-3481.144287", "12929.489258,-3913.429688", "4.691384"
155, "12", "S1_BasicMechanics", "virtual_reality", "2024-4-10 10:25:54", "2024-4-10 10:25:55", "12928.80957,-3912.37085", "13042.674805,-4128.037109", "2.438791"
156, "12", "S1_BasicMechanics", "virtual_reality", "2024-4-10 10:26:1", "2024-4-10 10:26:1", "13043.275391,-4108.273438", "12917.963867,-3746.032959", "3.83303"
157, "12", "S1_BasicMechanics", "virtual_reality", "2024-4-10 10:26:2", "2024-4-10 10:26:4", "12920.270508,-3749.413574", "12700.782227,-3276.699219", "5.211849"
158, "12", "S1_BasicMechanics", "virtual_reality", "2024-4-10 10:26:5", "2024-4-10 10:26:6", "12699.908203,-3275.916992", "12626.769531,-3128.225586", "1.64809"
159, "12", "S1_BasicMechanics", "virtual_reality", "2024-4-10 10:26:10", "2024-4-10 10:26:12", "12620.495117,-3135.438232", "12300.53125,-3017.074219", "3.411552"
160, "12", "S1_BasicMechanics", "virtual_reality", "2024-4-10 10:26:15", "2024-4-10 10:26:15", "12311.063477,-3021.075195", "12430.0,-3030.949219", "1.193455"
161, "12", "S1_BasicMechanics", "virtual_reality", "2024-4-10 10:26:28", "2024-4-10 10:26:29", "12435.986328,-3038.398438", "12430.0,-3109.174072", "0.710285"
162, "12", "S1_BasicMechanics", "virtual_reality", "2024-4-10 10:26:38", "2024-4-10 10:26:38", "12423.167969,-3079.389648", "12434.920898,-2970.474365", "1.095476"
163, "12", "S1_BasicMechanics", "virtual_reality", "2024-4-10 10:26:59", "2024-4-10 10:27:0", "12405.432617,-2965.005615", "12430.0,-3013.184814", "0.540813"
164, "12", "S1_BasicMechanics", "virtual_reality", "2024-4-10 10:27:57", "2024-4-10 10:27:57", "12414.509766,-3014.18042", "12425.354492,-3107.986084", "0.944305"
165, "12", "S1_BasicMechanics", "virtual_reality", "2024-4-10 10:28:17", "2024-4-10 10:28:18", "12421.795898,-3083.536377", "12380.692383,-2947.153076", "1.424426"
166, "12", "S1_BasicMechanics", "virtual_reality", "2024-4-10 10:28:27", "2024-4-10 10:28:28", "12382.25293,-2960.84668", "12521.725586,-2874.125", "1.642349"
167, "12", "S1_BasicMechanics", "virtual_reality", "2024-4-10 10:28:34", "2024-4-10 10:28:36", "12534.962891,-2881.275635", "12717.794922,-3160.411133", "3.336828"
168, "12", "S1_BasicMechanics", "virtual_reality", "2024-4-10 10:28:38", "2024-4-10 10:28:39", "12720.899414,-3135.228516", "12764.772461,-3059.499512", "0.875202"
169, "12", "S1_BasicMechanics", "virtual_reality", "2024-4-10 10:28:43", "2024-4-10 10:28:44", "12752.214844,-3065.661377", "12307.53125,-3025.492432", "4.464936"
170, "12", "S1_BasicMechanics", "virtual_reality", "2024-4-10 10:28:45", "2024-4-10 10:28:46", "12330.755859,-3029.492676", "12425.839844,-3022.793701", "0.953203"
171, "12", "S1_BasicMechanics", "virtual_reality", "2024-4-10 10:28:52", "2024-4-10 10:28:53", "12419.139648,-3032.469971", "12673.875977,-3256.702881", "3.393685"
172, "12", "S1_BasicMechanics", "virtual_reality", "2024-4-10 10:28:54", "2024-4-10 10:28:56", "12669.564453,-3239.818115", "12469.799805,-3143.618164", "2.217217"
173, "12", "S1_BasicMechanics", "virtual_reality", "2024-4-10 10:28:58", "2024-4-10 10:28:59", "12481.90918,-3154.868164", "12685.274414,-3263.398682", "2.305132"
174, "12", "S1_BasicMechanics", "virtual_reality", "2024-4-10 10:28:59", "2024-4-10 10:29:0", "12683.334961,-3263.952148", "12825.027344,-3546.516602", "3.161001"
175, "12", "S1_BasicMechanics", "virtual_reality", "2024-4-10 10:29:0", "2024-4-10 10:29:1", "12826.113281,-3545.784424", "12927.80957,-3841.039795", "3.122784"
176, "12", "S1_BasicMechanics", "virtual_reality", "2024-4-10 10:29:1", "2024-4-10 10:29:2", "12927.683594,-3841.146973", "13031.998047,-4132.018555", "3.090111"
177, "12", "S1_BasicMechanics", "virtual_reality", "2024-4-10 10:29:6", "2024-4-10 10:29:7", "13030.914062,-4125.021973", "13183.055664,-4228.193848", "1.83825"
178, "12", "S1_BasicMechanics", "virtual_reality", "2024-4-10 10:29:20", "2024-4-10 10:29:21", "13172.256836,-4224.636719", "13125.632812,-4294.725586", "0.841801"
179, "12", "S1_BasicMechanics", "virtual_reality", "2024-4-10 10:29:26", "2024-4-10 10:29:27", "13118.180664,-4300.085938", "13066.113281,-4357.958984", "0.778479"
180, "12", "S1_BasicMechanics", "virtual_reality", "2024-4-10 10:30:5", "2024-4-10 10:30:6", "13068.529297,-4339.050781", "12958.304688,-4309.419434", "1.141385"
181, "12", "S1_BasicMechanics", "virtual_reality", "2024-4-10 10:30:7", "2024-4-10 10:30:8", "12957.806641,-4309.21582", "12671.327148,-4354.623535", "2.900554"
182, "12", "S1_BasicMechanics", "virtual_reality", "2024-4-10 10:30:12", "2024-4-10 10:30:13", "12672.177734,-4356.70459", "12522.270508,-4383.835938", "1.523431"
183, "12", "S1_BasicMechanics", "virtual_reality", "2024-4-10 10:30:17", "2024-4-10 10:30:20", "12529.600586,-4370.07373", "12632.964844,-4231.067871", "1.732248"
184, "12", "S1_BasicMechanics", "virtual_reality", "2024-4-10 10:30:21", "2024-4-10 10:30:22", "12633.885742,-4231.990723", "12815.042969,-4215.433594", "1.819126"
185, "12", "S1_BasicMechanics", "virtual_reality", "2024-4-10 10:30:28", "2024-4-10 10:30:29", "12817.509766,-4235.791504", "12882.200195,-4286.250977", "0.820427"
186, "12", "S1_BasicMechanics", "virtual_reality", "2024-4-10 10:30:40", "2024-4-10 10:30:42", "12889.482422,-4271.382812", "12594.755859,-3868.908203", "4.988483"
187, "12", "S1_BasicMechanics", "virtual_reality", "2024-4-10 10:30:43", "2024-4-10 10:30:43", "12596.550781,-3865.669189", "12506.939453,-3757.64209", "1.403574"
188, "12", "S1_BasicMechanics", "virtual_reality", "2024-4-10 10:30:47", "2024-4-10 10:30:50", "12517.81543,-3774.993652", "12713.725586,-4300.142578", "5.605015"
189, "12", "S1_BasicMechanics", "virtual_reality", "2024-4-10 10:30:51", "2024-4-10 10:30:53", "12717.922852,-4297.367188", "12728.87207,-4395.10791", "0.983521"
190, "12", "S1_BasicMechanics", "virtual_reality", "2024-4-10 10:30:58", "2024-4-10 10:31:1", "12724.421875,-4371.804688", "12359.386719,-3890.150391", "6.043519"
191, "12", "S1_BasicMechanics", "virtual_reality", "2024-4-10 10:31:5", "2024-4-10 10:31:7", "12360.803711,-3888.954834", "12290.611328,-3833.571045", "0.894112"
192, "12", "S1_BasicMechanics", "virtual_reality", "2024-4-10 10:31:8", "2024-4-10 10:31:9", "12297.657227,-3832.92749", "12328.692383,-3792.956787", "0.506048"
193, "12", "S1_BasicMechanics", "virtual_reality", "2024-4-10 10:31:11", "2024-4-10 10:31:13", "12334.820312,-3809.678467", "12692.733398,-4276.10498", "5.879246"
194, "12", "S1_BasicMechanics", "virtual_reality", "2024-4-10 10:31:14", "2024-4-10 10:31:15", "12695.282227,-4273.462891", "12962.500977,-4389.489746", "2.913215"
195, "12", "S1_BasicMechanics", "virtual_reality", "2024-4-10 10:31:24", "2024-4-10 10:31:26", "12949.111328,-4381.556641", "12965.488281,-4272.830566", "1.099526"
196, "12", "S1_BasicMechanics", "virtual_reality", "2024-4-10 10:31:29", "2024-4-10 10:31:29", "12973.631836,-4275.22168", "13126.259766,-4138.731445", "2.047557"
197, "12", "S1_BasicMechanics", "virtual_reality", "2024-4-10 10:31:52", "2024-4-10 10:31:54", "13111.493164,-4136.083984", "13052.414062,-3599.537842", "5.397889"
198, "12", "S1_BasicMechanics", "virtual_reality", "2024-4-10 10:32:2", "2024-4-10 10:32:5", "13059.47168,-3614.738281", "13093.921875,-3610.0", "0.347741"
199, "12", "S1_BasicMechanics", "virtual_reality", "2024-4-10 10:32:7", "2024-4-10 10:32:12", "13086.819336,-3614.649658", "13179.369141,-4136.630371", "5.301221"
200, "12", "S1_BasicMechanics", "virtual_reality", "2024-4-10 10:32:18", "2024-4-10 10:32:19", "13196.761719,-4145.483398", "13210.0,-4150.109863", "0.140233"
201, "12", "S1_BasicMechanics", "virtual_reality", "2024-4-10 10:32:19", "2024-4-10 10:32:20", "13208.719727,-4143.893066", "13210.0,-4151.381348", "0.075965"
202, "12", "S1_BasicMechanics", "virtual_reality", "2024-4-10 10:32:26", "2024-4-10 10:32:27", "13188.279297,-4135.198242", "13161.074219,-3834.325439", "3.021003"
203, "12", "S1_BasicMechanics", "virtual_reality", "2024-4-10 10:32:32", "2024-4-10 10:32:33", "13168.438477,-3838.52124", "13210.0,-3734.537842", "1.119818"
204, "12", "S1_BasicMechanics", "virtual_reality", "2024-4-10 10:32:39", "2024-4-10 10:32:41", "13203.032227,-3757.045898", "13210.0,-4145.264648", "3.882814"
205, "12", "S1_BasicMechanics", "virtual_reality", "2024-4-10 10:32:42", "2024-4-10 10:32:43", "13219.119141,-4137.255859", "13210.0,-4186.654785", "0.502338"
206, "12", "S1_BasicMechanics", "virtual_reality", "2024-4-10 10:32:44", "2024-4-10 10:32:46", "13214.052734,-4179.461426", "13210.0,-4180.559082", "0.041992"
207, "12", "S1_BasicMechanics", "virtual_reality", "2024-4-10 10:32:47", "2024-4-10 10:32:47", "13207.71875,-4184.338379", "13259.339844,-4253.873047", "0.866012"
208, "12", "S1_BasicMechanics", "virtual_reality", "2024-4-10 10:32:51", "2024-4-10 10:32:53", "13248.205078,-4246.196777", "13200.68457,-4009.639893", "2.412829"
209, "12", "S1_BasicMechanics", "virtual_reality", "2024-4-10 10:32:59", "2024-4-10 10:33:2", "13193.185547,-4002.371094", "12592.621094,-3962.855225", "6.018626"
210, "12", "S1_BasicMechanics", "virtual_reality", "2024-4-10 10:33:3", "2024-4-10 10:33:4", "12590.831055,-3960.544434", "12283.921875,-4020.903809", "3.12788"
211, "12", "S1_BasicMechanics", "virtual_reality", "2024-4-10 10:33:5", "2024-4-10 10:33:6", "12278.55957,-4018.945312", "12230.0,-4016.97876", "0.485997"
212, "12", "S1_BasicMechanics", "virtual_reality", "2024-4-10 10:33:8", "2024-4-10 10:33:9", "12258.692383,-4012.919922", "12684.616211,-3940.02832", "4.321158"
213, "12", "S1_BasicMechanics", "virtual_reality", "2024-4-10 10:33:10", "2024-4-10 10:33:13", "12684.017578,-3939.311523", "13170.577148,-3749.074951", "5.224272"
214, "12", "S1_BasicMechanics", "virtual_reality", "2024-4-10 10:33:14", "2024-4-10 10:33:15", "13177.700195,-3754.942383", "13210.0,-3829.912354", "0.81632"
215, "12", "S1_BasicMechanics", "virtual_reality", "2024-4-10 10:33:17", "2024-4-10 10:33:18", "13198.110352,-3813.880371", "12769.561523,-3886.924316", "4.347296"
216, "12", "S1_BasicMechanics", "virtual_reality", "2024-4-10 10:33:19", "2024-4-10 10:33:20", "12768.361328,-3888.229004", "12303.545898,-3999.7854", "4.780148"
217, "12", "S1_BasicMechanics", "virtual_reality", "2024-4-10 10:33:21", "2024-4-10 10:33:23", "12304.004883,-3999.962891", "12236.87793,-4147.532227", "1.621192"
218, "12", "S1_BasicMechanics", "virtual_reality", "2024-4-10 10:33:27", "2024-4-10 10:33:28", "12255.368164,-4148.93457", "12230.0,-4152.937988", "0.256825"
219, "12", "S1_BasicMechanics", "virtual_reality", "2024-4-10 10:33:30", "2024-4-10 10:33:33", "12212.947266,-4151.77002", "12761.415039,-3929.232178", "6.037855"
220, "12", "S1_BasicMechanics", "virtual_reality", "2024-4-10 10:33:33", "2024-4-10 10:33:35", "12763.359375,-3928.656982", "13143.583008,-3815.067871", "3.968278"
221, "12", "S1_BasicMechanics", "virtual_reality", "2024-4-10 10:33:36", "2024-4-10 10:33:37", "13142.510742,-3814.052002", "13210.0,-3809.651123", "0.676326"
222, "12", "S1_BasicMechanics", "virtual_reality", "2024-4-10 10:33:40", "2024-4-10 10:33:41", "13186.412109,-3808.414551", "12679.768555,-3944.517822", "5.246061"
223, "12", "S1_BasicMechanics", "virtual_reality", "2024-4-10 10:33:46", "2024-4-10 10:33:46", "12677.420898,-3943.672607", "12346.539062,-4011.751953", "3.378135"
224, "12", "S1_BasicMechanics", "virtual_reality", "2024-4-10 10:33:58", "2024-4-10 10:33:59", "12349.439453,-4011.036133", "12239.652344,-4016.669678", "1.09932"
225, "12", "S1_BasicMechanics", "virtual_reality", "2024-4-10 10:34:2", "2024-4-10 10:34:3", "12264.569336,-4018.427002", "12766.180664,-3985.95874", "5.026613"
226, "12", "S1_BasicMechanics", "virtual_reality", "2024-4-10 10:34:4", "2024-4-10 10:34:4", "12766.977539,-3986.705811", "13194.782227,-4029.817627", "4.299718"
227, "12", "S1_BasicMechanics", "virtual_reality", "2024-4-10 10:34:9", "2024-4-10 10:34:10", "13182.474609,-4018.721924", "12783.908203,-4041.208984", "3.992001"
228, "12", "S1_BasicMechanics", "virtual_reality", "2024-4-10 10:34:11", "2024-4-10 10:34:12", "12784.728516,-4042.091309", "12299.266602,-4089.055664", "4.877292"
229, "12", "S1_BasicMechanics", "virtual_reality", "2024-4-10 10:34:13", "2024-4-10 10:34:14", "12300.303711,-4085.470459", "12230.0,-4078.353027", "0.706626"
230, "12", "S1_BasicMechanics", "virtual_reality", "2024-4-10 10:34:17", "2024-4-10 10:34:18", "12259.939453,-4085.874512", "12671.632812,-4088.528564", "4.117016"
231, "12", "S1_BasicMechanics", "virtual_reality", "2024-4-10 10:34:19", "2024-4-10 10:34:21", "12672.219727,-4088.102539", "13210.0,-4021.764648", "5.41856"
232, "12", "S1_BasicMechanics", "virtual_reality", "2024-4-10 10:34:24", "2024-4-10 10:34:24", "13184.287109,-4016.023438", "12939.810547,-4041.999023", "2.458524"
233, "12", "S1_BasicMechanics", "virtual_reality", "2024-4-10 10:34:25", "2024-4-10 10:34:26", "12940.0,-4044.282471", "12527.496094,-4056.064941", "4.126722"
234, "12", "S1_BasicMechanics", "virtual_reality", "2024-4-10 10:34:30", "2024-4-10 10:34:34", "12525.46582,-4051.878418", "13028.580078,-4269.773926", "5.482717"
235, "12", "S1_BasicMechanics", "virtual_reality", "2024-4-10 10:34:41", "2024-4-10 10:34:41", "13016.783203,-4258.019043", "13057.630859,-4134.091797", "1.304859"
236, "12", "S1_BasicMechanics", "virtual_reality", "2024-4-10 10:34:42", "2024-4-10 10:34:44", "13058.0,-4134.720703", "13097.424805,-4121.827148", "0.414798"
237, "12", "S1_BasicMechanics", "virtual_reality", "2024-4-10 10:34:49", "2024-4-10 10:34:50", "13095.323242,-4112.126465", "13194.897461,-4252.115723", "1.717905"
238, "13", "S1_BasicMechanics", "virtual_reality", "2024-4-10 10:40:33", "2024-4-10 10:40:33", "12399.882812,-3038.523193", "12399.791016,-3038.575684", "0.001058"
239, "13", "S1_BasicMechanics", "virtual_reality", "2024-4-10 10:40:34", "2024-4-10 10:40:36", "12399.732422,-3040.269531", "12665.661133,-3072.260742", "2.678462"
240, "13", "S1_BasicMechanics", "virtual_reality", "2024-4-10 10:40:36", "2024-4-10 10:40:36", "12665.638672,-3072.18042", "12770.0,-3076.950928", "1.044705"
241, "13", "S1_BasicMechanics", "virtual_reality", "2024-4-10 10:40:38", "2024-4-10 10:40:38", "12760.048828,-3058.229492", "12770.0,-2978.817139", "0.800332"
242, "13", "S1_BasicMechanics", "virtual_reality", "2024-4-10 10:40:39", "2024-4-10 10:40:40", "12768.676758,-2997.388184", "12920.0,-3053.805176", "1.614979"
243, "13", "S1_BasicMechanics", "virtual_reality", "2024-4-10 10:40:40", "2024-4-10 10:40:44", "12919.730469,-3055.262207", "13151.077148,-3270.0", "3.156483"
244, "13", "S1_BasicMechanics", "virtual_reality", "2024-4-10 10:40:44", "2024-4-10 10:40:45", "13151.899414,-3270.014648", "13179.088867,-3270.0", "0.271895"
245, "13", "S1_BasicMechanics", "virtual_reality", "2024-4-10 10:40:46", "2024-4-10 10:40:47", "13178.956055,-3260.670166", "13198.972656,-3270.0", "0.220843"
246, "13", "S1_BasicMechanics", "virtual_reality", "2024-4-10 10:40:48", "2024-4-10 10:40:49", "13201.476562,-3261.924561", "13202.879883,-3264.579102", "0.030023"
247, "13", "S1_BasicMechanics", "virtual_reality", "2024-4-10 10:40:49", "2024-4-10 10:40:50", "13203.024414,-3264.491943", "13201.878906,-3263.435059", "0.015584"
248, "13", "S1_BasicMechanics", "virtual_reality", "2024-4-10 10:40:50", "2024-4-10 10:40:50", "13199.658203,-3258.753418", "13198.852539,-3258.462891", "0.008564"
249, "13", "S1_BasicMechanics", "virtual_reality", "2024-4-10 10:40:51", "2024-4-10 10:40:53", "13198.055664,-3260.859375", "13260.0,-3270.0", "0.626149"
250, "13", "S1_BasicMechanics", "virtual_reality", "2024-4-10 10:40:55", "2024-4-10 10:40:55", "13260.501953,-3268.131348", "13260.498047,-3268.300781", "0.001695"
251, "13", "S1_BasicMechanics", "virtual_reality", "2024-4-10 10:41:26", "2024-4-10 10:41:27", "13242.492188,-3273.117432", "13219.556641,-3335.07373", "0.660651"
252, "13", "S1_BasicMechanics", "virtual_reality", "2024-4-10 10:41:30", "2024-4-10 10:41:31", "13221.285156,-3337.531494", "13043.929688,-3407.890869", "1.908022"
253, "13", "S1_BasicMechanics", "virtual_reality", "2024-4-10 10:41:32", "2024-4-10 10:41:33", "13044.618164,-3408.771729", "12871.416016,-3478.189453", "1.865955"
254, "13", "S1_BasicMechanics", "virtual_reality", "2024-4-10 10:41:35", "2024-4-10 10:41:35", "12879.617188,-3480.158936", "12740.694336,-3646.195801", "2.164895"
255, "13", "S1_BasicMechanics", "virtual_reality", "2024-4-10 10:41:37", "2024-4-10 10:41:38", "12741.806641,-3638.833496", "12840.074219,-3873.938721", "2.548156"
256, "13", "S1_BasicMechanics", "virtual_reality", "2024-4-10 10:41:39", "2024-4-10 10:41:39", "12839.72168,-3874.728516", "12936.598633,-4108.620117", "2.531609"
257, "13", "S1_BasicMechanics", "virtual_reality", "2024-4-10 10:41:39", "2024-4-10 10:41:39", "12935.572266,-4108.380371", "13019.256836,-4342.595215", "2.48716"
258, "13", "S1_BasicMechanics", "virtual_reality", "2024-4-10 10:41:43", "2024-4-10 10:41:47", "13007.770508,-4323.046875", "12873.766602,-4060.480713", "2.947851"
259, "13", "S1_BasicMechanics", "virtual_reality", "2024-4-10 10:41:48", "2024-4-10 10:41:49", "12873.673828,-4059.499023", "12769.191406,-3789.888428", "2.891482"
260, "13", "S1_BasicMechanics", "virtual_reality", "2024-4-10 10:41:50", "2024-4-10 10:41:50", "12769.03125,-3789.443115", "12691.316406,-3513.932129", "2.862621"
261, "13", "S1_BasicMechanics", "virtual_reality", "2024-4-10 10:41:51", "2024-4-10 10:41:52", "12691.363281,-3513.671631", "12645.100586,-3330.0", "1.894083"
262, "13", "S1_BasicMechanics", "virtual_reality", "2024-4-10 10:41:52", "2024-4-10 10:41:52", "12644.432617,-3329.841553", "12627.233398,-3330.0", "0.17199"
263, "13", "S1_BasicMechanics", "virtual_reality", "2024-4-10 10:41:56", "2024-4-10 10:41:56", "12628.50293,-3346.925293", "12817.578125,-3257.892578", "2.089894"
264, "13", "S1_BasicMechanics", "virtual_reality", "2024-4-10 10:41:57", "2024-4-10 10:41:57", "12812.168945,-3257.912354", "12815.729492,-3248.648682", "0.099245"
265, "13", "S1_BasicMechanics", "virtual_reality", "2024-4-10 10:41:59", "2024-4-10 10:41:59", "12805.129883,-3251.052246", "12618.766602,-3038.168701", "2.829327"
266, "13", "S1_BasicMechanics", "virtual_reality", "2024-4-10 10:42:0", "2024-4-10 10:42:0", "12618.066406,-3038.716309", "12405.206055,-2811.92041", "3.1104"
267, "13", "S1_BasicMechanics", "virtual_reality", "2024-4-10 10:42:2", "2024-4-10 10:42:2", "12409.368164,-2827.56958", "12325.400391,-3059.23291", "2.464114"
268, "13", "S1_BasicMechanics", "virtual_reality", "2024-4-10 10:42:4", "2024-4-10 10:42:4", "12333.798828,-3041.021729", "12333.731445,-3038.766113", "0.022566"
269, "13", "S1_BasicMechanics", "virtual_reality", "2024-4-10 10:42:6", "2024-4-10 10:42:6", "12335.849609,-3048.219727", "12336.366211,-3048.038574", "0.005476"
270, "13", "S1_BasicMechanics", "virtual_reality", "2024-4-10 10:45:27", "2024-4-10 10:45:28", "12400.928711,-3127.243896", "12468.980469,-3143.543701", "0.699767"
271, "13", "S1_BasicMechanics", "virtual_reality", "2024-4-10 10:45:43", "2024-4-10 10:45:43", "12456.794922,-3155.065186", "12679.744141,-3226.883057", "2.342306"
272, "13", "S1_BasicMechanics", "virtual_reality", "2024-4-10 10:45:45", "2024-4-10 10:45:46", "12678.318359,-3223.223877", "12765.112305,-3410.370361", "2.062936"
273, "13", "S1_BasicMechanics", "virtual_reality", "2024-4-10 10:45:46", "2024-4-10 10:45:47", "12764.857422,-3412.436768", "12856.673828,-3613.611084", "2.211364"
274, "13", "S1_BasicMechanics", "virtual_reality", "2024-4-10 10:45:48", "2024-4-10 10:45:50", "12846.921875,-3614.477051", "12909.014648,-3836.263184", "2.30314"
275, "13", "S1_BasicMechanics", "virtual_reality", "2024-4-10 10:45:50", "2024-4-10 10:45:51", "12908.613281,-3837.253662", "12980.504883,-4081.988281", "2.550756"
276, "13", "S1_BasicMechanics", "virtual_reality", "2024-4-10 10:45:52", "2024-4-10 10:45:52", "12980.345703,-4081.413574", "13104.329102,-4290.360352", "2.429623"
277, "13", "S1_BasicMechanics", "virtual_reality", "2024-4-10 10:45:56", "2024-4-10 10:45:56", "13112.870117,-4291.125488", "13210.991211,-4249.263672", "1.066782"
278, "13", "S1_BasicMechanics", "virtual_reality", "2024-4-10 10:45:57", "2024-4-10 10:45:58", "13207.397461,-4243.265625", "13136.350586,-4128.27002", "1.351725"
279, "13", "S1_BasicMechanics", "virtual_reality", "2024-4-10 10:45:58", "2024-4-10 10:45:59", "13134.542969,-4127.536133", "13074.825195,-4029.101074", "1.151335"
280, "13", "S1_BasicMechanics", "virtual_reality", "2024-4-10 10:46:0", "2024-4-10 10:46:0", "13077.780273,-4032.483643", "13121.400391,-4186.23877", "1.598229"
281, "13", "S1_BasicMechanics", "virtual_reality", "2024-4-10 10:46:3", "2024-4-10 10:46:3", "13115.067383,-4170.902832", "13003.46875,-4241.80127", "1.322152"
282, "13", "S1_BasicMechanics", "virtual_reality", "2024-4-10 10:46:4", "2024-4-10 10:46:4", "13003.731445,-4241.396973", "12866.714844,-4273.561523", "1.407413"
283, "13", "S1_BasicMechanics", "virtual_reality", "2024-4-10 10:46:6", "2024-4-10 10:46:8", "12870.552734,-4263.794922", "12984.260742,-4142.345703", "1.663713"
284, "13", "S1_BasicMechanics", "virtual_reality", "2024-4-10 10:48:7", "2024-4-10 10:48:8", "12945.106445,-4135.54248", "12945.847656,-3776.651611", "3.588918"
285, "13", "S1_BasicMechanics", "virtual_reality", "2024-4-10 10:48:9", "2024-4-10 10:48:10", "12945.462891,-3776.176025", "12975.838867,-3610.0", "1.689296"
286, "13", "S1_BasicMechanics", "virtual_reality", "2024-4-10 10:48:13", "2024-4-10 10:48:13", "12977.910156,-3605.132568", "12970.394531,-3580.0", "0.262321"
287, "13", "S1_BasicMechanics", "virtual_reality", "2024-4-10 10:49:22", "2024-4-10 10:49:24", "12955.358398,-3614.346191", "12980.892578,-3712.505127", "1.014256"
288, "13", "S1_BasicMechanics", "virtual_reality", "2024-4-10 10:50:6", "2024-4-10 10:50:6", "12989.504883,-3653.927979", "12976.801758,-3912.922363", "2.593058"
289, "13", "S1_BasicMechanics", "virtual_reality", "2024-4-10 10:50:8", "2024-4-10 10:50:8", "12973.575195,-3914.687988", "12901.232422,-4217.126953", "3.109707"
290, "13", "S1_BasicMechanics", "virtual_reality", "2024-4-10 10:50:9", "2024-4-10 10:50:11", "12899.196289,-4217.502441", "12827.114258,-4335.858398", "1.38578"
291, "14", "S1_BasicMechanics", "virtual_reality", "2024-4-10 10:55:4", "2024-4-10 10:55:5", "12363.175781,-3076.042725", "12501.087891,-2940.0", "1.937194"
292, "14", "S1_BasicMechanics", "virtual_reality", "2024-4-10 10:55:5", "2024-4-10 10:55:6", "12500.751953,-2945.387939", "12783.821289,-2897.696533", "2.870588"
293, "14", "S1_BasicMechanics", "virtual_reality", "2024-4-10 10:55:8", "2024-4-10 10:55:9", "12769.430664,-2893.68042", "12621.425781,-3127.466797", "2.766979"
294, "14", "S1_BasicMechanics", "virtual_reality", "2024-4-10 10:55:19", "2024-4-10 10:55:19", "12627.621094,-3126.73584", "12670.0,-3008.130127", "1.259497"
295, "14", "S1_BasicMechanics", "virtual_reality", "2024-4-10 10:55:22", "2024-4-10 10:55:22", "12656.90332,-3004.260498", "12481.300781,-2940.0", "1.869915"
296, "14", "S1_BasicMechanics", "virtual_reality", "2024-4-10 10:55:27", "2024-4-10 10:55:27", "12490.692383,-2945.420166", "12830.014648,-3393.291016", "5.618968"
297, "14", "S1_BasicMechanics", "virtual_reality", "2024-4-10 10:55:28", "2024-4-10 10:55:29", "12826.303711,-3394.863525", "12941.185547,-3787.561035", "4.091567"
298, "14", "S1_BasicMechanics", "virtual_reality", "2024-4-10 10:55:29", "2024-4-10 10:55:30", "12940.705078,-3789.573486", "13024.144531,-4160.436035", "3.801329"
299, "14", "S1_BasicMechanics", "virtual_reality", "2024-4-10 10:55:37", "2024-4-10 10:55:37", "13034.827148,-4159.503906", "13160.277344,-4097.169434", "1.400832"
300, "14", "S1_BasicMechanics", "virtual_reality", "2024-4-10 10:55:47", "2024-4-10 10:55:47", "13153.941406,-4100.246582", "13010.632812,-3833.915771", "3.024391"
301, "14", "S1_BasicMechanics", "virtual_reality", "2024-4-10 10:55:47", "2024-4-10 10:55:48", "13010.983398,-3834.395752", "12828.311523,-3512.842529", "3.698179"
302, "14", "S1_BasicMechanics", "virtual_reality", "2024-4-10 10:55:48", "2024-4-10 10:55:48", "12828.442383,-3513.466797", "12655.064453,-3170.917236", "3.839271"
303, "14", "S1_BasicMechanics", "virtual_reality", "2024-4-10 10:55:53", "2024-4-10 10:55:53", "12650.09668,-3175.024414", "12458.603516,-3142.600342", "1.942192"
304, "14", "S1_BasicMechanics", "virtual_reality", "2024-4-10 10:55:54", "2024-4-10 10:55:54", "12461.806641,-3139.206787", "12416.647461,-2855.590088", "2.871896"
305, "14", "S1_BasicMechanics", "virtual_reality", "2024-4-10 10:55:58", "2024-4-10 10:55:58", "12418.886719,-2864.393311", "12430.0,-3036.818848", "1.727834"
306, "14", "S1_BasicMechanics", "virtual_reality", "2024-4-10 10:56:29", "2024-4-10 10:56:29", "12443.629883,-3024.753418", "12443.869141,-3024.80249", "0.002447"
307, "14", "S1_BasicMechanics", "virtual_reality", "2024-4-10 10:56:30", "2024-4-10 10:56:30", "12443.777344,-3024.806885", "12443.147461,-3025.112305", "0.007005"
308, "14", "S1_BasicMechanics", "virtual_reality", "2024-4-10 10:57:9", "2024-4-10 10:57:10", "12440.111328,-2994.607422", "12544.904297,-2969.427002", "1.077756"
309, "14", "S1_BasicMechanics", "virtual_reality", "2024-4-10 10:57:13", "2024-4-10 10:57:13", "12537.887695,-2966.664551", "12330.185547,-3054.598877", "2.255493"
310, "14", "S1_BasicMechanics", "virtual_reality", "2024-4-10 10:57:14", "2024-4-10 10:57:14", "12329.259766,-3054.189941", "12250.0,-3119.373779", "1.026207"
311, "14", "S1_BasicMechanics", "virtual_reality", "2024-4-10 10:57:15", "2024-4-10 10:57:15", "12262.483398,-3115.721191", "12430.0,-3087.564453", "1.698661"
312, "14", "S1_BasicMechanics", "virtual_reality", "2024-4-10 10:57:49", "2024-4-10 10:57:50", "12402.985352,-3054.235352", "12613.094727,-3276.731201", "3.060227"
313, "14", "S1_BasicMechanics", "virtual_reality", "2024-4-10 10:57:50", "2024-4-10 10:57:51", "12614.794922,-3273.154053", "12645.736328,-3277.411133", "0.312325"
314, "14", "S1_BasicMechanics", "virtual_reality", "2024-4-10 10:57:51", "2024-4-10 10:57:52", "12645.450195,-3281.283203", "12743.399414,-3550.1604", "2.861625"
315, "14", "S1_BasicMechanics", "virtual_reality", "2024-4-10 10:57:52", "2024-4-10 10:57:52", "12743.390625,-3545.461182", "12937.291016,-3908.384033", "4.114732"
316, "14", "S1_BasicMechanics", "virtual_reality", "2024-4-10 10:57:53", "2024-4-10 10:57:53", "12937.267578,-3910.442139", "13078.803711,-4258.86377", "3.760716"
317, "14", "S1_BasicMechanics", "virtual_reality", "2024-4-10 10:57:55", "2024-4-10 10:57:56", "13072.852539,-4244.998047", "13146.00293,-4040.211182", "2.174594"
318, "14", "S1_BasicMechanics", "virtual_reality", "2024-4-10 10:57:57", "2024-4-10 10:57:58", "13141.111328,-4056.361328", "13003.62207,-4329.196777", "3.055197"
319, "14", "S1_BasicMechanics", "virtual_reality", "2024-4-10 10:58:0", "2024-4-10 10:58:0", "13011.44043,-4322.696289", "13008.171875,-4121.467285", "2.012558"
320, "14", "S1_BasicMechanics", "virtual_reality", "2024-4-10 10:58:8", "2024-4-10 10:58:9", "13016.553711,-4130.970703", "13128.109375,-4163.18457", "1.161142"
321, "14", "S1_BasicMechanics", "virtual_reality", "2024-4-10 10:59:9", "2024-4-10 10:59:10", "13115.294922,-4164.513184", "12759.899414,-4273.054688", "3.716006"
322, "14", "S1_BasicMechanics", "virtual_reality", "2024-4-10 10:59:11", "2024-4-10 10:59:11", "12760.350586,-4272.756836", "12470.0,-4381.395508", "3.100091"
323, "14", "S1_BasicMechanics", "virtual_reality", "2024-4-10 10:59:13", "2024-4-10 10:59:14", "12487.929688,-4385.855469", "12633.719727,-4372.408691", "1.464092"
324, "14", "S1_BasicMechanics", "virtual_reality", "2024-4-10 10:59:35", "2024-4-10 10:59:36", "12612.12793,-4399.206055", "12494.670898,-4410.42627", "1.179923"
325, "14", "S1_BasicMechanics", "virtual_reality", "2024-4-10 10:59:47", "2024-4-10 10:59:48", "12527.68457,-4402.030273", "12744.799805,-4394.016602", "2.172632"
326, "14", "S1_BasicMechanics", "virtual_reality", "2024-4-10 10:59:58", "2024-4-10 10:59:58", "12725.393555,-4386.949219", "12634.130859,-4155.168457", "2.491005"
327, "14", "S1_BasicMechanics", "virtual_reality", "2024-4-10 10:59:58", "2024-4-10 10:59:59", "12632.78125,-4152.115234", "12525.299805,-3969.253906", "2.121097"
328, "14", "S1_BasicMechanics", "virtual_reality", "2024-4-10 11:0:0", "2024-4-10 11:0:0", "12522.194336,-3970.17334", "12442.354492,-3887.183105", "1.151601"
329, "14", "S1_BasicMechanics", "virtual_reality", "2024-4-10 11:0:2", "2024-4-10 11:0:3", "12433.643555,-3867.855957", "12401.393555,-3834.651611", "0.46288"
330, "14", "S1_BasicMechanics", "virtual_reality", "2024-4-10 11:0:3", "2024-4-10 11:0:3", "12403.882812,-3838.302979", "12370.0,-3790.0", "0.590018"
331, "14", "S1_BasicMechanics", "virtual_reality", "2024-4-10 11:0:9", "2024-4-10 11:0:10", "12381.592773,-3815.976807", "12593.043945,-4077.116211", "3.360138"
332, "14", "S1_BasicMechanics", "virtual_reality", "2024-4-10 11:0:12", "2024-4-10 11:0:12", "12594.658203,-4078.162598", "12787.667969,-4279.441406", "2.78865"
333, "14", "S1_BasicMechanics", "virtual_reality", "2024-4-10 11:0:21", "2024-4-10 11:0:22", "12795.046875,-4272.289062", "12879.03125,-4026.838867", "2.594207"
334, "14", "S1_BasicMechanics", "virtual_reality", "2024-4-10 11:0:22", "2024-4-10 11:0:22", "12878.367188,-4027.126221", "12954.536133,-3718.535156", "3.178523"
335, "14", "S1_BasicMechanics", "virtual_reality", "2024-4-10 11:0:23", "2024-4-10 11:0:23", "12955.594727,-3711.755615", "12989.462891,-3555.987549", "1.594075"
336, "14", "S1_BasicMechanics", "virtual_reality", "2024-4-10 11:0:36", "2024-4-10 11:0:37", "12980.0,-3583.618652", "12926.119141,-3860.038086", "2.81622"
337, "14", "S1_BasicMechanics", "virtual_reality", "2024-4-10 11:0:37", "2024-4-10 11:0:38", "12925.508789,-3860.576172", "12890.657227,-4121.825195", "2.635631"
338, "14", "S1_BasicMechanics", "virtual_reality", "2024-4-10 11:0:40", "2024-4-10 11:0:41", "12890.900391,-4125.151855", "12856.629883,-4376.356934", "2.53532"
339, "14", "S1_BasicMechanics", "virtual_reality", "2024-4-10 11:0:52", "2024-4-10 11:0:52", "12860.660156,-4372.58252", "12977.106445,-4218.02832", "1.935121"
340, "14", "S1_BasicMechanics", "virtual_reality", "2024-4-10 11:0:53", "2024-4-10 11:0:53", "12976.188477,-4218.854004", "13193.875,-4001.404297", "3.076883"
341, "14", "S1_BasicMechanics", "virtual_reality", "2024-4-10 11:0:56", "2024-4-10 11:0:56", "13190.439453,-3995.75293", "13140.762695,-3825.033203", "1.778004"
342, "14", "S1_BasicMechanics", "virtual_reality", "2024-4-10 11:1:1", "2024-4-10 11:1:1", "13136.760742,-3840.004639", "13112.679688,-4020.018799", "1.816176"
343, "14", "S1_BasicMechanics", "virtual_reality", "2024-4-10 11:1:2", "2024-4-10 11:1:2", "13115.71582,-4014.562256", "13210.0,-4122.465332", "1.432916"
344, "14", "S1_BasicMechanics", "virtual_reality", "2024-4-10 11:1:15", "2024-4-10 11:1:16", "13206.183594,-4117.890137", "13177.613281,-3864.530518", "2.549651"
345, "14", "S1_BasicMechanics", "virtual_reality", "2024-4-10 11:1:22", "2024-4-10 11:1:23", "13181.368164,-3873.621094", "13173.396484,-4037.741943", "1.643143"
346, "14", "S1_BasicMechanics", "virtual_reality", "2024-4-10 11:1:24", "2024-4-10 11:1:24", "13174.44043,-4036.203369", "13210.0,-4164.836426", "1.334574"
347, "14", "S1_BasicMechanics", "virtual_reality", "2024-4-10 11:1:42", "2024-4-10 11:1:42", "13191.635742,-4154.174805", "13169.647461,-3963.131104", "1.923051"
348, "14", "S1_BasicMechanics", "virtual_reality", "2024-4-10 11:2:6", "2024-4-10 11:2:6", "13158.305664,-3967.63208", "12938.007812,-3982.229004", "2.207806"
349, "14", "S1_BasicMechanics", "virtual_reality", "2024-4-10 11:2:7", "2024-4-10 11:2:7", "12938.980469,-3982.154297", "12620.389648,-4048.351562", "3.253958"
350, "14", "S1_BasicMechanics", "virtual_reality", "2024-4-10 11:2:7", "2024-4-10 11:2:7", "12620.761719,-4047.03418", "12371.525391,-4078.158203", "2.511718"
351, "14", "S1_BasicMechanics", "virtual_reality", "2024-4-10 11:2:8", "2024-4-10 11:2:8", "12366.043945,-4076.455078", "12230.0,-4084.573242", "1.362863"
352, "14", "S1_BasicMechanics", "virtual_reality", "2024-4-10 11:2:11", "2024-4-10 11:2:11", "12225.832031,-4104.219238", "12232.529297,-4143.34082", "0.396906"
353, "14", "S1_BasicMechanics", "virtual_reality", "2024-4-10 11:2:15", "2024-4-10 11:2:15", "12239.897461,-4131.466309", "12230.0,-4139.398926", "0.126837"
354, "14", "S1_BasicMechanics", "virtual_reality", "2024-4-10 11:2:16", "2024-4-10 11:2:16", "12229.913086,-4137.490234", "12230.0,-4151.260742", "0.137708"
355, "14", "S1_BasicMechanics", "virtual_reality", "2024-4-10 11:2:16", "2024-4-10 11:2:16", "12227.880859,-4150.603516", "12230.0,-4154.746094", "0.046534"
356, "14", "S1_BasicMechanics", "virtual_reality", "2024-4-10 11:2:17", "2024-4-10 11:2:17", "12230.166992,-4154.197266", "12230.0,-4158.238281", "0.040445"
357, "14", "S1_BasicMechanics", "virtual_reality", "2024-4-10 11:2:18", "2024-4-10 11:2:18", "12236.151367,-4157.988281", "12234.335938,-4158.085449", "0.018187"
358, "14", "S1_BasicMechanics", "virtual_reality", "2024-4-10 11:2:18", "2024-4-10 11:2:18", "12233.75,-4157.964844", "12233.254883,-4157.973633", "0.004952"
359, "14", "S1_BasicMechanics", "virtual_reality", "2024-4-10 11:2:26", "2024-4-10 11:2:26", "12263.073242,-4133.231934", "12230.0,-4116.055176", "0.37268"
360, "14", "S1_BasicMechanics", "virtual_reality", "2024-4-10 11:2:26", "2024-4-10 11:2:26", "12229.025391,-4118.461426", "12230.0,-4145.055664", "0.266121"
361, "14", "S1_BasicMechanics", "virtual_reality", "2024-4-10 11:2:52", "2024-4-10 11:2:52", "12275.579102,-4130.993652", "12630.291992,-4056.203125", "3.625125"
362, "14", "S1_BasicMechanics", "virtual_reality", "2024-4-10 11:2:53", "2024-4-10 11:2:53", "12629.652344,-4055.974121", "12946.238281,-3895.761963", "3.548165"
363, "14", "S1_BasicMechanics", "virtual_reality", "2024-4-10 11:2:54", "2024-4-10 11:2:54", "12945.558594,-3894.88208", "13210.0,-3713.378174", "3.207385"
364, "14", "S1_BasicMechanics", "virtual_reality", "2024-4-10 11:3:0", "2024-4-10 11:3:0", "13191.485352,-3719.863281", "12923.301758,-3856.851562", "3.011445"
365, "14", "S1_BasicMechanics", "virtual_reality", "2024-4-10 11:3:0", "2024-4-10 11:3:0", "12924.244141,-3856.743652", "12629.84668,-3987.965332", "3.223187"
366, "14", "S1_BasicMechanics", "virtual_reality", "2024-4-10 11:3:0", "2024-4-10 11:3:0", "12630.266602,-3987.624756", "12344.961914,-4046.046875", "2.912244"
367, "14", "S1_BasicMechanics", "virtual_reality", "2024-4-10 11:3:1", "2024-4-10 11:3:1", "12340.841797,-4042.004639", "12230.0,-4069.747559", "1.142606"
368, "14", "S1_BasicMechanics", "virtual_reality", "2024-4-10 11:3:5", "2024-4-10 11:3:5", "12232.796875,-4072.574463", "12230.0,-4074.762451", "0.035506"
369, "14", "S1_BasicMechanics", "virtual_reality", "2024-4-10 11:3:6", "2024-4-10 11:3:6", "12230.158203,-4073.51416", "12230.0,-4076.51123", "0.030012"
370, "14", "S1_BasicMechanics", "virtual_reality", "2024-4-10 11:3:7", "2024-4-10 11:3:7", "12229.391602,-4075.334229", "12230.0,-4068.898193", "0.064647"
371, "14", "S1_BasicMechanics", "virtual_reality", "2024-4-10 11:3:15", "2024-4-10 11:3:15", "12263.47168,-4086.301758", "12569.789062,-4063.720703", "3.071486"
372, "14", "S1_BasicMechanics", "virtual_reality", "2024-4-10 11:3:15", "2024-4-10 11:3:16", "12569.316406,-4064.060303", "12920.0,-4006.844238", "3.553207"
373, "14", "S1_BasicMechanics", "virtual_reality", "2024-4-10 11:3:16", "2024-4-10 11:3:16", "12919.915039,-4006.963379", "13210.0,-3959.794434", "2.938948"
374, "14", "S1_BasicMechanics", "virtual_reality", "2024-4-10 11:3:20", "2024-4-10 11:3:20", "13191.223633,-3958.987305", "12929.037109,-3988.414062", "2.63833"
375, "14", "S1_BasicMechanics", "virtual_reality", "2024-4-10 11:3:21", "2024-4-10 11:3:21", "12929.069336,-3987.031982", "12675.588867,-4010.849854", "2.545972"
376, "14", "S1_BasicMechanics", "virtual_reality", "2024-4-10 11:3:21", "2024-4-10 11:3:21", "12675.243164,-4010.634033", "12412.570312,-4038.901855", "2.641893"
377, "14", "S1_BasicMechanics", "virtual_reality", "2024-4-10 11:3:21", "2024-4-10 11:3:21", "12411.978516,-4038.782959", "12230.0,-4057.951172", "1.829854"
378, "14", "S1_BasicMechanics", "virtual_reality", "2024-4-10 11:3:22", "2024-4-10 11:3:22", "12229.285156,-4057.580322", "12229.18457,-4057.089355", "0.005013"
379, "14", "S1_BasicMechanics", "virtual_reality", "2024-4-10 11:3:30", "2024-4-10 11:3:30", "12243.245117,-4063.772949", "12221.292969,-3970.0", "0.963082"
380, "14", "S1_BasicMechanics", "virtual_reality", "2024-4-10 11:3:36", "2024-4-10 11:3:36", "12243.402344,-3984.786377", "12481.736328,-3979.248047", "2.383989"
381, "14", "S1_BasicMechanics", "virtual_reality", "2024-4-10 11:3:36", "2024-4-10 11:3:36", "12480.838867,-3979.659668", "12737.860352,-3973.970215", "2.570847"
382, "14", "S1_BasicMechanics", "virtual_reality", "2024-4-10 11:3:37", "2024-4-10 11:3:37", "12738.007812,-3974.845215", "12952.405273,-3977.897217", "2.144191"
383, "14", "S1_BasicMechanics", "virtual_reality", "2024-4-10 11:3:37", "2024-4-10 11:3:37", "12953.945312,-3979.378174", "13154.462891,-4009.863037", "2.028217"
384, "14", "S1_BasicMechanics", "virtual_reality", "2024-4-10 11:3:39", "2024-4-10 11:3:39", "13169.288086,-4011.981934", "13210.0,-4016.655029", "0.409789"
385, "14", "S1_BasicMechanics", "virtual_reality", "2024-4-10 11:3:39", "2024-4-10 11:3:39", "13209.526367,-4016.065674", "13210.0,-4015.17627", "0.010078"
386, "15", "S1_BasicMechanics", "virtual_reality", "2024-4-10 11:12:28", "2024-4-10 11:12:29", "12388.161133,-3036.657715", "12792.243164,-2871.373291", "4.365796"
387, "15", "S1_BasicMechanics", "virtual_reality", "2024-4-10 11:12:29", "2024-4-10 11:12:30", "12791.981445,-2870.986816", "12823.443359,-2837.550537", "0.459111"
388, "15", "S1_BasicMechanics", "virtual_reality", "2024-4-10 11:12:30", "2024-4-10 11:12:31", "12824.483398,-2841.167236", "12824.164062,-2843.3125", "0.02169"
389, "15", "S1_BasicMechanics", "virtual_reality", "2024-4-10 11:12:34", "2024-4-10 11:12:35", "12809.594727,-2849.287354", "12670.0,-2954.859619", "1.750208"
390, "15", "S1_BasicMechanics", "virtual_reality", "2024-4-10 11:12:46", "2024-4-10 11:12:46", "12679.724609,-2954.447998", "12595.512695,-3090.426514", "1.599433"
391, "15", "S1_BasicMechanics", "virtual_reality", "2024-4-10 11:12:50", "2024-4-10 11:12:50", "12614.738281,-3081.189697", "12724.938477,-3060.0", "1.122187"
392, "15", "S1_BasicMechanics", "virtual_reality", "2024-4-10 11:13:15", "2024-4-10 11:13:16", "12704.464844,-3057.334473", "12545.239258,-3071.405518", "1.598458"
393, "15", "S1_BasicMechanics", "virtual_reality", "2024-4-10 11:13:17", "2024-4-10 11:13:18", "12542.966797,-3070.582764", "12290.802734,-3086.813477", "2.52686"
394, "15", "S1_BasicMechanics", "virtual_reality", "2024-4-10 11:13:22", "2024-4-10 11:13:22", "12304.27832,-3091.157715", "12407.463867,-3076.937744", "1.041608"
395, "15", "S1_BasicMechanics", "virtual_reality", "2024-4-10 11:13:36", "2024-4-10 11:13:37", "12384.431641,-3076.681396", "12430.0,-3062.347412", "0.477699"
396, "15", "S1_BasicMechanics", "virtual_reality", "2024-4-10 11:13:44", "2024-4-10 11:13:45", "12416.235352,-3053.619141", "12418.196289,-2953.797363", "0.998412"
397, "15", "S1_BasicMechanics", "virtual_reality", "2024-4-10 11:14:20", "2024-4-10 11:14:21", "12402.94043,-3002.426514", "12430.0,-3117.996582", "1.186957"
398, "15", "S1_BasicMechanics", "virtual_reality", "2024-4-10 11:14:34", "2024-4-10 11:14:34", "12428.911133,-3103.628906", "12710.368164,-3278.725098", "3.314769"
399, "15", "S1_BasicMechanics", "virtual_reality", "2024-4-10 11:14:57", "2024-4-10 11:14:57", "12726.104492,-3229.72998", "12817.079102,-3255.396973", "0.945262"
400, "15", "S1_BasicMechanics", "virtual_reality", "2024-4-10 11:16:31", "2024-4-10 11:16:32", "12430.268555,-3016.787842", "12738.098633,-3235.938477", "3.778708"
401, "15", "S1_BasicMechanics", "virtual_reality", "2024-4-10 11:16:33", "2024-4-10 11:16:34", "12730.954102,-3240.718994", "12731.939453,-3508.819092", "2.681018"
402, "15", "S1_BasicMechanics", "virtual_reality", "2024-4-10 11:16:35", "2024-4-10 11:16:36", "12737.81543,-3506.67041", "12956.75293,-3980.503906", "5.219693"
403, "15", "S1_BasicMechanics", "virtual_reality", "2024-4-10 11:16:37", "2024-4-10 11:16:37", "12956.264648,-3980.658936", "13071.097656,-4210.225586", "2.566859"
404, "15", "S1_BasicMechanics", "virtual_reality", "2024-4-10 11:16:39", "2024-4-10 11:16:40", "13071.758789,-4186.486816", "12986.112305,-4058.763916", "1.537807"
405, "15", "S1_BasicMechanics", "virtual_reality", "2024-4-10 11:16:45", "2024-4-10 11:16:46", "12987.130859,-4082.206299", "13164.103516,-4232.211426", "2.319928"
406, "15", "S1_BasicMechanics", "virtual_reality", "2024-4-10 11:17:16", "2024-4-10 11:17:17", "13158.674805,-4235.036133", "12966.75293,-4144.084961", "2.123815"
407, "15", "S1_BasicMechanics", "virtual_reality", "2024-4-10 11:17:22", "2024-4-10 11:17:22", "12959.78418,-4145.459961", "12615.833008,-4318.82373", "3.851725"
408, "15", "S1_BasicMechanics", "virtual_reality", "2024-4-10 11:17:25", "2024-4-10 11:17:25", "12612.927734,-4320.834473", "12496.499023,-4384.507324", "1.32702"
409, "15", "S1_BasicMechanics", "virtual_reality", "2024-4-10 11:17:34", "2024-4-10 11:17:37", "12508.941406,-4369.101074", "12928.132812,-4176.632324", "4.612655"
410, "15", "S1_BasicMechanics", "virtual_reality", "2024-4-10 11:17:44", "2024-4-10 11:17:44", "12942.299805,-4176.347168", "13176.595703,-4071.455566", "2.567033"
411, "15", "S1_BasicMechanics", "virtual_reality", "2024-4-10 11:17:48", "2024-4-10 11:17:49", "13159.736328,-4061.907715", "13129.663086,-3611.63916", "4.512716"
412, "15", "S1_BasicMechanics", "virtual_reality", "2024-4-10 11:18:0", "2024-4-10 11:18:0", "13130.016602,-3612.472656", "13020.0,-3571.30249", "1.174678"
413, "15", "S1_BasicMechanics", "virtual_reality", "2024-4-10 11:18:3", "2024-4-10 11:18:4", "13041.22168,-3576.672607", "13170.609375,-3713.325684", "1.881893"
414, "15", "S1_BasicMechanics", "virtual_reality", "2024-4-10 11:18:6", "2024-4-10 11:18:7", "13153.989258,-3696.996338", "12938.905273,-3543.313721", "2.643473"
415, "15", "S1_BasicMechanics", "virtual_reality", "2024-4-10 11:18:10", "2024-4-10 11:18:11", "12955.649414,-3555.855225", "13154.25,-3845.642334", "3.513101"
416, "15", "S1_BasicMechanics", "virtual_reality", "2024-4-10 11:18:13", "2024-4-10 11:18:14", "13144.634766,-3827.343262", "13030.975586,-3659.422363", "2.027708"
417, "15", "S1_BasicMechanics", "virtual_reality", "2024-4-10 11:18:24", "2024-4-10 11:18:25", "13025.488281,-3671.587891", "12542.401367,-3517.609863", "5.070331"
418, "15", "S1_BasicMechanics", "virtual_reality", "2024-4-10 11:18:26", "2024-4-10 11:18:26", "12535.978516,-3514.907471", "12440.0,-3467.552734", "1.070251"
419, "15", "S1_BasicMechanics", "virtual_reality", "2024-4-10 11:18:29", "2024-4-10 11:18:30", "12466.603516,-3474.854248", "13027.5,-3603.368652", "5.754309"
420, "15", "S1_BasicMechanics", "virtual_reality", "2024-4-10 11:18:33", "2024-4-10 11:18:34", "13005.912109,-3597.654541", "12514.619141,-3593.92041", "4.913066"
421, "15", "S1_BasicMechanics", "virtual_reality", "2024-4-10 11:18:39", "2024-4-10 11:18:40", "12539.125,-3590.61499", "13094.695312,-3638.316895", "5.57615"
422, "15", "S1_BasicMechanics", "virtual_reality", "2024-4-10 11:18:44", "2024-4-10 11:18:44", "13074.061523,-3636.901123", "12972.678711,-3641.490967", "1.014863"
423, "15", "S1_BasicMechanics", "virtual_reality", "2024-4-10 11:18:50", "2024-4-10 11:18:50", "12980.114258,-3636.244141", "12456.466797,-3743.922119", "5.346033"
424, "15", "S1_BasicMechanics", "virtual_reality", "2024-4-10 11:18:55", "2024-4-10 11:18:55", "12475.202148,-3743.824463", "13045.349609,-3712.607422", "5.710014"
425, "15", "S1_BasicMechanics", "virtual_reality", "2024-4-10 11:18:59", "2024-4-10 11:19:0", "13025.057617,-3715.895508", "12445.790039,-3779.890137", "5.827919"
426, "15", "S1_BasicMechanics", "virtual_reality", "2024-4-10 11:19:3", "2024-4-10 11:19:4", "12464.362305,-3772.873047", "13031.623047,-3623.803711", "5.865208"
427, "15", "S1_BasicMechanics", "virtual_reality", "2024-4-10 11:19:7", "2024-4-10 11:19:7", "13015.443359,-3621.924561", "12554.72168,-3468.073242", "4.857307"
428, "15", "S1_BasicMechanics", "virtual_reality", "2024-4-10 11:19:10", "2024-4-10 11:19:11", "12572.148438,-3472.495117", "13036.305664,-3795.483887", "5.654764"
429, "15", "S1_BasicMechanics", "virtual_reality", "2024-4-10 11:19:19", "2024-4-10 11:19:19", "13020.435547,-3797.490479", "12461.854492,-3910.510986", "5.699006"
430, "15", "S1_BasicMechanics", "virtual_reality", "2024-4-10 11:19:20", "2024-4-10 11:19:21", "12455.851562,-3911.439209", "12230.0,-3990.755615", "2.393746"
431, "15", "S1_BasicMechanics", "virtual_reality", "2024-4-10 11:19:27", "2024-4-10 11:19:28", "12269.831055,-3972.689941", "12846.342773,-3876.510498", "5.844802"
432, "15", "S1_BasicMechanics", "virtual_reality", "2024-4-10 11:19:28", "2024-4-10 11:19:29", "12849.6875,-3874.372559", "13176.881836,-3809.279541", "3.336067"
433, "15", "S1_BasicMechanics", "virtual_reality", "2024-4-10 11:19:32", "2024-4-10 11:19:33", "13169.102539,-3810.883301", "12572.71875,-3952.196045", "6.128967"
434, "15", "S1_BasicMechanics", "virtual_reality", "2024-4-10 11:19:34", "2024-4-10 11:19:34", "12568.705078,-3950.031006", "12153.18457,-3970.0", "4.159998"
435, "15", "S1_BasicMechanics", "virtual_reality", "2024-4-10 11:19:38", "2024-4-10 11:19:39", "12178.282227,-3946.345703", "12757.237305,-3831.865479", "5.901648"
436, "15", "S1_BasicMechanics", "virtual_reality", "2024-4-10 11:19:39", "2024-4-10 11:19:40", "12757.529297,-3832.061279", "13210.0,-3812.174561", "4.529079"
437, "15", "S1_BasicMechanics", "virtual_reality", "2024-4-10 11:19:49", "2024-4-10 11:19:50", "13187.611328,-3824.037842", "12661.717773,-4065.669189", "5.787481"
438, "15", "S1_BasicMechanics", "virtual_reality", "2024-4-10 11:19:50", "2024-4-10 11:19:51", "12658.814453,-4065.926514", "12230.0,-4140.508301", "4.35252"
439, "15", "S1_BasicMechanics", "virtual_reality", "2024-4-10 11:20:1", "2024-4-10 11:20:2", "12291.129883,-4163.322266", "12845.579102,-3966.462646", "5.883596"
440, "15", "S1_BasicMechanics", "virtual_reality", "2024-4-10 11:20:2", "2024-4-10 11:20:3", "12847.576172,-3964.953125", "13210.0,-3762.585205", "4.150946"
441, "15", "S1_BasicMechanics", "virtual_reality", "2024-4-10 11:20:8", "2024-4-10 11:20:8", "13176.826172,-3784.185059", "12716.894531,-4020.673828", "5.171691"
442, "15", "S1_BasicMechanics", "virtual_reality", "2024-4-10 11:20:9", "2024-4-10 11:20:10", "12715.541992,-4019.036133", "12248.540039,-4100.727539", "4.740931"
443, "16", "S1_BasicMechanics", "virtual_reality", "2024-4-10 11:24:25", "2024-4-10 11:24:26", "12381.8125,-2993.925293", "12670.0,-3012.536377", "2.88788"
444, "16", "S1_BasicMechanics", "virtual_reality", "2024-4-10 11:25:1", "2024-4-10 11:25:1", "12657.240234,-3008.03833", "12475.116211,-3229.614014", "2.86819"
445, "16", "S1_BasicMechanics", "virtual_reality", "2024-4-10 11:25:4", "2024-4-10 11:25:4", "12489.714844,-3216.867432", "12793.354492,-3165.755127", "3.079113"
446, "16", "S1_BasicMechanics", "virtual_reality", "2024-4-10 11:25:7", "2024-4-10 11:25:7", "12799.950195,-3167.736328", "12760.0,-2884.25415", "2.862834"
447, "16", "S1_BasicMechanics", "virtual_reality", "2024-4-10 11:25:11", "2024-4-10 11:25:11", "12772.791992,-2904.189697", "12548.422852,-2990.536621", "2.404106"
448, "16", "S1_BasicMechanics", "virtual_reality", "2024-4-10 11:25:27", "2024-4-10 11:25:27", "12548.077148,-2993.575684", "12250.0,-3158.906738", "3.408586"
449, "16", "S1_BasicMechanics", "virtual_reality", "2024-4-10 11:25:51", "2024-4-10 11:25:51", "12331.039062,-3120.870117", "12430.0,-3056.937012", "1.178166"
450, "16", "S1_BasicMechanics", "virtual_reality", "2024-4-10 11:27:6", "2024-4-10 11:27:6", "12337.349609,-3120.769531", "12430.0,-3065.594727", "1.078352"
451, "16", "S1_BasicMechanics", "virtual_reality", "2024-4-10 11:27:26", "2024-4-10 11:27:27", "12418.762695,-3065.760986", "12593.557617,-3227.632568", "2.382342"
452, "16", "S1_BasicMechanics", "virtual_reality", "2024-4-10 11:27:29", "2024-4-10 11:27:29", "12598.996094,-3226.581299", "12735.506836,-3220.064941", "1.366662"
453, "16", "S1_BasicMechanics", "virtual_reality", "2024-4-10 11:27:44", "2024-4-10 11:27:45", "12728.177734,-3198.323242", "12739.525391,-3626.263672", "4.280907"
454, "16", "S1_BasicMechanics", "virtual_reality", "2024-4-10 11:27:46", "2024-4-10 11:27:47", "12742.853516,-3627.215576", "12893.292969,-3987.750977", "3.906632"
455, "16", "S1_BasicMechanics", "virtual_reality", "2024-4-10 11:27:48", "2024-4-10 11:27:48", "12893.972656,-3987.445068", "13142.670898,-4302.325684", "4.01249"
456, "16", "S1_BasicMechanics", "virtual_reality", "2024-4-10 11:29:3", "2024-4-10 11:29:3", "13037.756836,-4247.674316", "12938.319336,-4055.124023", "2.167106"
457, "16", "S1_BasicMechanics", "virtual_reality", "2024-4-10 11:29:11", "2024-4-10 11:29:11", "12975.144531,-4078.034424", "13163.128906,-4136.963867", "1.970047"
458, "16", "S1_BasicMechanics", "virtual_reality", "2024-4-10 11:29:26", "2024-4-10 11:29:27", "13140.65625,-4132.983887", "12676.00293,-4306.222656", "4.95898"
459, "16", "S1_BasicMechanics", "virtual_reality", "2024-4-10 11:29:29", "2024-4-10 11:29:29", "12666.983398,-4310.773438", "12493.364258,-4406.447754", "1.98235"
460, "16", "S1_BasicMechanics", "virtual_reality", "2024-4-10 11:30:1", "2024-4-10 11:30:3", "12644.666992,-4376.018555", "12427.863281,-3936.503906", "4.900783"
461, "16", "S1_BasicMechanics", "virtual_reality", "2024-4-10 11:30:6", "2024-4-10 11:30:7", "12433.725586,-3914.11792", "12433.330078,-3771.002686", "1.431158"
462, "16", "S1_BasicMechanics", "virtual_reality", "2024-4-10 11:30:15", "2024-4-10 11:30:17", "12437.728516,-3807.616211", "12762.658203,-4323.936523", "6.100544"
463, "16", "S1_BasicMechanics", "virtual_reality", "2024-4-10 11:30:27", "2024-4-10 11:30:29", "12745.587891,-4294.490234", "12489.423828,-3735.274414", "6.150955"
464, "16", "S1_BasicMechanics", "virtual_reality", "2024-4-10 11:30:32", "2024-4-10 11:30:33", "12486.987305,-3723.89624", "12518.34082,-3580.02417", "1.472487"
465, "16", "S1_BasicMechanics", "virtual_reality", "2024-4-10 11:30:41", "2024-4-10 11:30:43", "12525.023438,-3614.762695", "12719.553711,-4188.211914", "6.055461"
466, "16", "S1_BasicMechanics", "virtual_reality", "2024-4-10 11:30:45", "2024-4-10 11:30:46", "12711.933594,-4182.559082", "12876.961914,-4355.272949", "2.388815"
467, "16", "S1_BasicMechanics", "virtual_reality", "2024-4-10 11:31:6", "2024-4-10 11:31:8", "12870.537109,-4347.598633", "13190.712891,-4020.002197", "4.58074"
468, "16", "S1_BasicMechanics", "virtual_reality", "2024-4-10 11:31:28", "2024-4-10 11:31:28", "13088.578125,-4077.220459", "13210.0,-4156.151855", "1.448219"
469, "16", "S1_BasicMechanics", "virtual_reality", "2024-4-10 11:31:33", "2024-4-10 11:31:34", "13200.22168,-4142.257324", "13201.074219,-3962.909424", "1.793498"
470, "16", "S1_BasicMechanics", "virtual_reality", "2024-4-10 11:31:51", "2024-4-10 11:31:52", "13176.81543,-3955.107666", "13159.613281,-3744.301514", "2.115068"
471, "16", "S1_BasicMechanics", "virtual_reality", "2024-4-10 11:31:58", "2024-4-10 11:32:0", "13154.889648,-3760.292236", "12594.666992,-3914.927246", "5.811728"
472, "16", "S1_BasicMechanics", "virtual_reality", "2024-4-10 11:32:0", "2024-4-10 11:32:1", "12595.099609,-3915.881348", "12235.000977,-4074.248535", "3.933847"
473, "16", "S1_BasicMechanics", "virtual_reality", "2024-4-10 11:32:12", "2024-4-10 11:32:13", "12257.255859,-4066.9021", "12782.299805,-3885.564209", "5.554764"
474, "16", "S1_BasicMechanics", "virtual_reality", "2024-4-10 11:32:13", "2024-4-10 11:32:14", "12780.414062,-3887.000977", "13167.47168,-3771.263672", "4.039907"
475, "16", "S1_BasicMechanics", "virtual_reality", "2024-4-10 11:32:23", "2024-4-10 11:32:24", "13156.619141,-3786.878418", "13147.953125,-3996.486328", "2.097871"
476, "16", "S1_BasicMechanics", "virtual_reality", "2024-4-10 11:32:35", "2024-4-10 11:32:36", "13196.087891,-3963.002441", "13210.0,-3932.522949", "0.335047"
477, "16", "S1_BasicMechanics", "virtual_reality", "2024-4-10 11:32:37", "2024-4-10 11:32:37", "13213.395508,-3936.118164", "13210.0,-3930.623779", "0.064586"
478, "16", "S1_BasicMechanics", "virtual_reality", "2024-4-10 11:32:59", "2024-4-10 11:33:0", "13159.144531,-3950.004395", "12644.496094,-4030.883789", "5.209655"
479, "16", "S1_BasicMechanics", "virtual_reality", "2024-4-10 11:33:2", "2024-4-10 11:33:3", "12652.226562,-4044.663086", "12281.074219,-4097.458984", "3.74889"
480, "16", "S1_BasicMechanics", "virtual_reality", "2024-4-10 11:33:16", "2024-4-10 11:33:17", "12272.598633,-4078.830811", "12777.310547,-3998.03418", "5.111387"
481, "16", "S1_BasicMechanics", "virtual_reality", "2024-4-10 11:33:18", "2024-4-10 11:33:18", "12778.882812,-3997.861816", "13173.773438,-3978.256104", "3.953765"
482, "16", "S1_BasicMechanics", "virtual_reality", "2024-4-10 11:33:33", "2024-4-10 11:33:34", "13165.512695,-3965.612305", "12686.695312,-4033.016602", "4.835386"
483, "16", "S1_BasicMechanics", "virtual_reality", "2024-4-10 11:33:34", "2024-4-10 11:33:36", "12686.775391,-4033.086426", "12230.0,-4052.613525", "4.571922"
484, "16", "S1_BasicMechanics", "virtual_reality", "2024-4-10 11:33:49", "2024-4-10 11:33:50", "12261.305664,-4034.587891", "12736.602539,-3976.845703", "4.78791"
485, "16", "S1_BasicMechanics", "virtual_reality", "2024-4-10 11:33:50", "2024-4-10 11:33:52", "12738.256836,-3976.894287", "13210.0,-3968.961182", "4.718098"
486, "16", "S1_BasicMechanics", "virtual_reality", "2024-4-10 11:34:2", "2024-4-10 11:34:2", "13186.209961,-3960.308105", "13078.381836,-3598.672852", "3.773685"
487, "16", "S1_BasicMechanics", "virtual_reality", "2024-4-10 11:34:4", "2024-4-10 11:34:4", "13077.8125,-3594.94751", "13048.789062,-3544.242188", "0.584241"
488, "16", "S1_BasicMechanics", "virtual_reality", "2024-4-10 11:34:25", "2024-4-10 11:34:25", "13037.175781,-3567.969482", "12695.600586,-3683.167236", "3.604768"
489, "16", "S1_BasicMechanics", "virtual_reality", "2024-4-10 11:34:26", "2024-4-10 11:34:26", "12696.994141,-3681.868896", "12262.410156,-3819.517822", "4.558629"
490, "16", "S1_BasicMechanics", "virtual_reality", "2024-4-10 11:34:31", "2024-4-10 11:34:31", "12256.379883,-3815.766602", "12134.375,-3840.634277", "1.245127"
491, "17", "S1_BasicMechanics", "virtual_reality", "2024-4-10 11:38:20", "2024-4-10 11:38:20", "12417.950195,-2975.4104", "12770.0,-2962.014893", "3.523048"
492, "17", "S1_BasicMechanics", "virtual_reality", "2024-4-10 11:38:40", "2024-4-10 11:38:41", "12763.818359,-2959.843506", "12683.944336,-3364.532715", "4.124961"
493, "17", "S1_BasicMechanics", "virtual_reality", "2024-4-10 11:38:42", "2024-4-10 11:38:43", "12686.301758,-3365.396973", "12786.688477,-3790.016113", "4.363245"
494, "17", "S1_BasicMechanics", "virtual_reality", "2024-4-10 11:38:48", "2024-4-10 11:38:49", "12789.31543,-3789.922607", "12575.482422,-4165.996094", "4.326146"
495, "17", "S1_BasicMechanics", "virtual_reality", "2024-4-10 11:38:52", "2024-4-10 11:38:53", "12572.556641,-4162.29541", "12230.0,-4127.160156", "3.443538"
496, "17", "S1_BasicMechanics", "virtual_reality", "2024-4-10 11:38:59", "2024-4-10 11:39:1", "12234.505859,-4125.899414", "12786.899414,-4214.441406", "5.594444"
497, "17", "S1_BasicMechanics", "virtual_reality", "2024-4-10 11:39:7", "2024-4-10 11:39:9", "12790.174805,-4206.278809", "12796.945312,-3755.068359", "4.512612"
498, "17", "S1_BasicMechanics", "virtual_reality", "2024-4-10 11:39:12", "2024-4-10 11:39:13", "12794.744141,-3758.999512", "12727.25,-3218.890137", "5.443102"
499, "17", "S1_BasicMechanics", "virtual_reality", "2024-4-10 11:39:15", "2024-4-10 11:39:16", "12724.149414,-3223.01001", "12597.816406,-2856.774414", "3.874128"
500, "17", "S1_BasicMechanics", "virtual_reality", "2024-4-10 11:39:26", "2024-4-10 11:39:27", "12598.192383,-2863.014893", "12294.770508,-2962.869141", "3.194305"
501, "17", "S1_BasicMechanics", "virtual_reality", "2024-4-10 11:39:30", "2024-4-10 11:39:33", "12305.592773,-2964.224854", "12696.361328,-3278.46582", "5.01445"
502, "17", "S1_BasicMechanics", "virtual_reality", "2024-4-10 11:39:38", "2024-4-10 11:39:39", "12691.011719,-3265.041016", "12582.932617,-2937.496094", "3.449158"
503, "17", "S1_BasicMechanics", "virtual_reality", "2024-4-10 11:39:43", "2024-4-10 11:39:44", "12583.138672,-2939.91333", "12284.830078,-2955.239502", "2.987023"
504, "17", "S1_BasicMechanics", "virtual_reality", "2024-4-10 11:39:50", "2024-4-10 11:39:51", "12292.75293,-2964.191406", "12430.0,-3027.7229", "1.512386"
505, "17", "S1_BasicMechanics", "virtual_reality", "2024-4-10 11:40:6", "2024-4-10 11:40:7", "12427.03418,-3021.892822", "12682.164062,-3089.099365", "2.638332"
506, "17", "S1_BasicMechanics", "virtual_reality", "2024-4-10 11:40:12", "2024-4-10 11:40:13", "12684.341797,-3098.599854", "12266.619141,-3103.980713", "4.177578"
507, "17", "S1_BasicMechanics", "virtual_reality", "2024-4-10 11:40:16", "2024-4-10 11:40:17", "12271.052734,-3097.651367", "12430.0,-3047.404297", "1.667001"
508, "17", "S1_BasicMechanics", "virtual_reality", "2024-4-10 11:42:4", "2024-4-10 11:42:4", "12416.756836,-3036.515137", "12724.990234,-3264.591797", "3.834408"
509, "17", "S1_BasicMechanics", "virtual_reality", "2024-4-10 11:42:4", "2024-4-10 11:42:4", "12724.788086,-3264.90918", "12770.629883,-3279.874023", "0.482227"
510, "17", "S1_BasicMechanics", "virtual_reality", "2024-4-10 11:42:6", "2024-4-10 11:42:7", "12765.730469,-3268.359375", "12470.0,-3477.672363", "3.623102"
511, "17", "S1_BasicMechanics", "virtual_reality", "2024-4-10 11:42:13", "2024-4-10 11:42:14", "12478.787109,-3487.19043", "12761.383789,-3842.889893", "4.542943"
512, "17", "S1_BasicMechanics", "virtual_reality", "2024-4-10 11:42:15", "2024-4-10 11:42:16", "12762.833984,-3843.350098", "12806.927734,-4199.90625", "3.592722"
513, "17", "S1_BasicMechanics", "virtual_reality", "2024-4-10 11:42:19", "2024-4-10 11:42:20", "12826.754883,-4200.942383", "13076.856445,-4194.026367", "2.501971"
514, "17", "S1_BasicMechanics", "virtual_reality", "2024-4-10 11:43:0", "2024-4-10 11:43:1", "13059.373047,-4185.34668", "12991.744141,-3769.244629", "4.215623"
515, "17", "S1_BasicMechanics", "virtual_reality", "2024-4-10 11:43:3", "2024-4-10 11:43:5", "12992.301758,-3768.763428", "12975.396484,-3618.317383", "1.513928"
516, "17", "S1_BasicMechanics", "virtual_reality", "2024-4-10 11:43:30", "2024-4-10 11:43:30", "12974.178711,-3645.008301", "12944.772461,-3993.40332", "3.496339"
517, "17", "S1_BasicMechanics", "virtual_reality", "2024-4-10 11:43:39", "2024-4-10 11:43:41", "12917.799805,-3994.75415", "12841.416016,-4303.637207", "3.181876"
518, "17", "S1_BasicMechanics", "virtual_reality", "2024-4-10 11:43:46", "2024-4-10 11:43:46", "12841.427734,-4292.647949", "12585.962891,-4378.987793", "2.696605"
519, "17", "S1_BasicMechanics", "virtual_reality", "2024-4-10 11:43:48", "2024-4-10 11:43:50", "12594.05957,-4377.991211", "12773.720703,-3827.578369", "5.789926"
520, "17", "S1_BasicMechanics", "virtual_reality", "2024-4-10 11:43:51", "2024-4-10 11:43:51", "12777.525391,-3824.150879", "12900.419922,-3558.117188", "2.930474"
521, "17", "S1_BasicMechanics", "virtual_reality", "2024-4-10 11:44:5", "2024-4-10 11:44:6", "12900.766602,-3550.540039", "12802.042969,-4096.296875", "5.546142"
522, "17", "S1_BasicMechanics", "virtual_reality", "2024-4-10 11:44:8", "2024-4-10 11:44:9", "12786.626953,-4116.828613", "12764.233398,-4401.246582", "2.852981"
523, "17", "S1_BasicMechanics", "virtual_reality", "2024-4-10 11:44:13", "2024-4-10 11:44:14", "12763.273438,-4383.555664", "12567.899414,-3919.229248", "5.037559"
524, "17", "S1_BasicMechanics", "virtual_reality", "2024-4-10 11:44:15", "2024-4-10 11:44:16", "12555.203125,-3891.350586", "12404.035156,-3630.695312", "3.013185"
525, "17", "S1_BasicMechanics", "virtual_reality", "2024-4-10 11:44:22", "2024-4-10 11:44:24", "12449.444336,-3631.22998", "12679.374023,-4146.145996", "5.639199"
526, "17", "S1_BasicMechanics", "virtual_reality", "2024-4-10 11:44:29", "2024-4-10 11:44:30", "12710.592773,-4163.765137", "12817.920898,-4368.141602", "2.308443"
527, "17", "S1_BasicMechanics", "virtual_reality", "2024-4-10 11:44:53", "2024-4-10 11:44:55", "12800.764648,-4300.394043", "12776.476562,-3849.260742", "4.517867"
528, "17", "S1_BasicMechanics", "virtual_reality", "2024-4-10 11:45:0", "2024-4-10 11:45:1", "12792.929688,-3848.97998", "13143.881836,-4086.499512", "4.237727"
529, "17", "S1_BasicMechanics", "virtual_reality", "2024-4-10 11:45:14", "2024-4-10 11:45:15", "13149.579102,-4083.942383", "13210.0,-3778.146484", "3.117078"
530, "17", "S1_BasicMechanics", "virtual_reality", "2024-4-10 11:45:20", "2024-4-10 11:45:20", "13191.989258,-3793.241455", "13189.508789,-4100.454102", "3.072228"
531, "17", "S1_BasicMechanics", "virtual_reality", "2024-4-10 11:45:59", "2024-4-10 11:46:0", "13171.09668,-4151.185059", "12905.488281,-3961.465088", "3.264067"
532, "17", "S1_BasicMechanics", "virtual_reality", "2024-4-10 11:46:1", "2024-4-10 11:46:2", "12901.69043,-3961.513184", "12575.429688,-4053.88501", "3.390857"
533, "17", "S1_BasicMechanics", "virtual_reality", "2024-4-10 11:46:3", "2024-4-10 11:46:4", "12574.076172,-4051.773193", "12287.796875,-4022.307617", "2.877915"
534, "17", "S1_BasicMechanics", "virtual_reality", "2024-4-10 11:46:13", "2024-4-10 11:46:14", "12272.609375,-4005.124268", "12707.542969,-3917.108887", "4.437491"
535, "17", "S1_BasicMechanics", "virtual_reality", "2024-4-10 11:46:15", "2024-4-10 11:46:16", "12710.361328,-3917.067383", "13091.922852,-3952.932129", "3.832434"
536, "17", "S1_BasicMechanics", "virtual_reality", "2024-4-10 11:46:17", "2024-4-10 11:46:17", "13092.577148,-3949.961182", "13210.0,-3759.72168", "2.235601"
537, "17", "S1_BasicMechanics", "virtual_reality", "2024-4-10 11:46:23", "2024-4-10 11:46:24", "13182.587891,-3765.118164", "12646.229492,-3923.248535", "5.591824"
538, "17", "S1_BasicMechanics", "virtual_reality", "2024-4-10 11:46:25", "2024-4-10 11:46:25", "12647.350586,-3923.841797", "12303.522461,-4005.004639", "3.532776"
539, "17", "S1_BasicMechanics", "virtual_reality", "2024-4-10 11:46:35", "2024-4-10 11:46:35", "12267.56543,-4027.386963", "12230.0,-4230.0", "2.06066"
540, "17", "S1_BasicMechanics", "virtual_reality", "2024-4-10 11:46:42", "2024-4-10 11:46:43", "12262.634766,-4197.028809", "12678.462891,-4076.313232", "4.329961"
541, "17", "S1_BasicMechanics", "virtual_reality", "2024-4-10 11:46:44", "2024-4-10 11:46:45", "12677.555664,-4073.956787", "13047.835938,-3919.366943", "4.012545"
542, "17", "S1_BasicMechanics", "virtual_reality", "2024-4-10 11:46:46", "2024-4-10 11:46:46", "13046.37793,-3913.942139", "13210.0,-3784.980469", "2.083343"
543, "17", "S1_BasicMechanics", "virtual_reality", "2024-4-10 11:46:58", "2024-4-10 11:46:59", "13225.780273,-3817.729736", "12867.688477,-3817.131348", "3.580917"
544, "17", "S1_BasicMechanics", "virtual_reality", "2024-4-10 11:46:59", "2024-4-10 11:47:0", "12869.68457,-3817.230957", "12470.650391,-3917.422607", "4.114195"
545, "17", "S1_BasicMechanics", "virtual_reality", "2024-4-10 11:47:1", "2024-4-10 11:47:1", "12469.255859,-3917.889893", "12277.460938,-3971.566162", "1.991642"
546, "17", "S1_BasicMechanics", "virtual_reality", "2024-4-10 11:47:1", "2024-4-10 11:47:1", "12277.303711,-3971.740234", "12148.316406,-3970.0", "1.28999"
547, "17", "S1_BasicMechanics", "virtual_reality", "2024-4-10 11:47:9", "2024-4-10 11:47:10", "12178.206055,-3939.164062", "12730.457031,-3983.223633", "5.54005"
548, "17", "S1_BasicMechanics", "virtual_reality", "2024-4-10 11:47:11", "2024-4-10 11:47:12", "12729.09668,-3984.8125", "13146.131836,-4020.989014", "4.186016"
549, "17", "S1_BasicMechanics", "virtual_reality", "2024-4-10 11:47:25", "2024-4-10 11:47:26", "13150.894531,-3991.638672", "12593.300781,-4077.383545", "5.641482"
550, "17", "S1_BasicMechanics", "virtual_reality", "2024-4-10 11:47:27", "2024-4-10 11:47:28", "12591.869141,-4077.171387", "12266.129883,-4072.072021", "3.257793"
551, "17", "S1_BasicMechanics", "virtual_reality", "2024-4-10 11:47:37", "2024-4-10 11:47:38", "12254.726562,-4026.718994", "12809.373047,-4008.394043", "5.549494"
552, "17", "S1_BasicMechanics", "virtual_reality", "2024-4-10 11:47:39", "2024-4-10 11:47:40", "12809.193359,-4007.703613", "13144.675781,-4020.237549", "3.357161"
553, "17", "S1_BasicMechanics", "virtual_reality", "2024-4-10 11:47:41", "2024-4-10 11:47:41", "13145.265625,-4013.291748", "13210.0,-3986.754395", "0.699625"